id,municipio_id:id,code,name,Desc_Corta_Parr,Desc_Larga_Parr,Nivel_Parr
3269,3268,1,PARROQUIA BOBURES,PARR.,PARROQUIA,3
2187,2185,2,PARROQUIA IGNACIO BRICENO,PARR.,PARROQUIA,3
2639,2637,3,PARROQUIA CHAGUARAMAL,PARR.,PARROQUIA,3
2882,2881,4,PARROQUIA MARIGUITAR,PARR.,PARROQUIA,3
2321,2318,5,PARROQUIA SAN CARLOS DE AUSTRIA,PARR.,PARROQUIA,3
2034,2032,6,PARROQUIA SAN MATEO,PARR.,PARROQUIA,3
15,2,7,PARROQUIA COCHE,PARR.,PARROQUIA,3
3040,3035,8,PARROQUIA MERCEDES DIAZ,PARR.,PARROQUIA,3
2827,2825,9,PARROQUIA CAPITAL PAPELON,PARR.,PARROQUIA,3
2090,2089,10,PARROQUIA ARAMENDI,PARR.,PARROQUIA,3
2215,2208,11,PARROQUIA SIMON BOLIVAR,PARR.,PARROQUIA,3
3261,3259,12,PARROQUIA JOSE CENOVIO URRIBARRI,PARR.,PARROQUIA,3
2554,2548,13,PARROQUIA PARAISO DE SAN JOSE,PARR.,PARROQUIA,3
116,2,14,PARROQUIA SAN JOSE,PARR.,PARROQUIA,3
7283,2251,15,PARROQUIA SECCION CAPITAL SIFONTES,PARR.,PARROQUIA,3
3059,3056,16,PARROQUIA TARIBA,PARR.,PARROQUIA,3
2120,604,17,PARROQUIA JOSE ANGEL LAMAS,PARR.,PARROQUIA,3
2186,2185,18,PARROQUIA CIUDAD BOLIVIA,PARR.,PARROQUIA,3
738,678,19,PARROQUIA EL CAFETAL,PARR.,PARROQUIA,3
2502,2499,20,PARROQUIA CAPITAL SAN JUAN DE LOS MORROS,PARR.,PARROQUIA,3
2408,2403,21,PARROQUIA EL HATO,PARR.,PARROQUIA,3
2838,2836,22,PARROQUIA SANTA FE,PARR.,PARROQUIA,3
2842,2840,23,PARROQUIA CAPITAL SANTA ROSALIA,PARR.,PARROQUIA,3
2523,2521,24,PARROQUIA CAP. SAN GERONIMO DE GUAYABAL,PARR.,PARROQUIA,3
2520,2518,25,PARROQUIA CAPITAL ZARAZA,PARR.,PARROQUIA,3
2299,2291,26,PARROQUIA UNION,PARR.,PARROQUIA,3
2787,2785,27,PARROQUIA CAPITAL MARCANO,PARR.,PARROQUIA,3
3160,3158,28,PARROQUIA ARISTIDES CALVANI,PARR.,PARROQUIA,3
2081,2079,29,PARROQUIA QUINTERO,PARR.,PARROQUIA,3
2071,2070,30,PARROQUIA APURITO,PARR.,PARROQUIA,3
8061,7992,31,PARROQUIA LUIS ALBERTO GOMEZ,PARR.,PARROQUIA,3
2744,2743,32,PARROQUIA TABAY,PARR.,PARROQUIA,3
2269,2266,33,PARROQUIA TACARIGUA,PARR.,PARROQUIA,3
2035,2032,34,PARROQUIA SANTA INES,PARR.,PARROQUIA,3
479,394,35,PARROQUIA JUNKO,PARR.,PARROQUIA,3
952,909,36,PARROQUIA LOS TEQUES,PARR.,PARROQUIA,3
2111,602,37,PARROQUIA JOSE CASANOVA GODOY,PARR.,PARROQUIA,3
2134,659,38,PARROQUIA ZAMORA,PARR.,PARROQUIA,3
2567,2566,39,PARROQUIA AGUA VIVA,PARR.,PARROQUIA,3
3265,3264,40,PARROQUIA MANUEL MANRIQUE,PARR.,PARROQUIA,3
2531,2530,41,PARROQUIA PIO TAMAYO,PARR.,PARROQUIA,3
1263,1158,42,PARROQUIA PETARE,PARR.,PARROQUIA,3
2433,2430,43,PARROQUIA RIO SECO,PARR.,PARROQUIA,3
3018,3015,44,PARROQUIA SABANA DE MENDOZA,PARR.,PARROQUIA,3
3013,3010,45,PARROQUIA CARVAJAL,PARR.,PARROQUIA,3
2402,2397,46,PARROQUIA PURURECHE,PARR.,PARROQUIA,3
2374,2371,47,PARROQUIA SAN LUIS,PARR.,PARROQUIA,3
2446,2444,48,PARROQUIA COLINA,PARR.,PARROQUIA,3
88,2,49,PARROQUIA LA CANDELARIA,PARR.,PARROQUIA,3
2844,2843,50,PARROQUIA CONCEPCION,PARR.,PARROQUIA,3
2331,2330,51,PARROQUIA EL AMPARO,PARR.,PARROQUIA,3
451,394,52,PARROQUIA CARUAO,PARR.,PARROQUIA,3
2852,2850,53,PARROQUIA SAN ISIDRO LABRADOR,PARR.,PARROQUIA,3
2922,2915,54,PARROQUIA VALENTIN VALIENTE,PARR.,PARROQUIA,3
2156,2152,55,PARROQUIA CORAZON DE JESUS,PARR.,PARROQUIA,3
2810,2808,56,PARROQUIA CAPITAL GUANARE,PARR.,PARROQUIA,3
2631,2625,57,PARROQUIA LA PICA,PARR.,PARROQUIA,3
2783,2782,58,PARROQUIA AGUIRRE,PARR.,PARROQUIA,3
1206,1158,59,PARROQUIA LA DOLORITA,PARR.,PARROQUIA,3
2349,2347,60,PARROQUIA IMATACA,PARR.,PARROQUIA,3
9179,2220,61,PARROQUIA PIJIGUAOS,PARR.,PARROQUIA,3
3185,3182,62,PARROQUIA GUAJIRA,PARR.,PARROQUIA,3
1077,1074,63,PARROQUIA RIO CHICO,PARR.,PARROQUIA,3
1076,1074,64,PARROQUIA PAPARO,PARR.,PARROQUIA,3
3193,3192,65,PARROQUIA BARI,PARR.,PARROQUIA,3
2088,2085,66,PARROQUIA SAN JUAN DE PAYARA,PARR.,PARROQUIA,3
2937,2934,67,PARROQUIA BURBUSAY,PARR.,PARROQUIA,3
3237,3221,68,PARROQUIA SAN ISIDRO,PARR.,PARROQUIA,3
2889,2887,69,PARROQUIA CHACOPATA,PARR.,PARROQUIA,3
2305,2304,70,PARROQUIA CANDELARIA,PARR.,PARROQUIA,3
3198,3195,71,PARROQUIA CONCEPCION,PARR.,PARROQUIA,3
2613,2612,72,PARROQUIA AREO,PARR.,PARROQUIA,3
1557,1492,73,PARROQUIA SAN JAVIER,PARR.,PARROQUIA,3
2549,2548,74,PARROQUIA CORONEL MARIANO PERAZA,PARR.,PARROQUIA,3
775,768,75,PARROQUIA TACARIGUA,PARR.,PARROQUIA,3
2207,2203,76,PARROQUIA SANTA BARBARA,PARR.,PARROQUIA,3
2312,2304,77,PARROQUIA SAN JOSE,PARR.,PARROQUIA,3
23731,2232,78,PARROQUIA CATEDRAL,PARR.,PARROQUIA,3
2450,2448,79,PARROQUIA SAN JOSE DE LA COSTA,PARR.,PARROQUIA,3
2508,2506,80,PARROQUIA CAPITAL LAS MERCEDES,PARR.,PARROQUIA,3
2470,2468,81,PARROQUIA LA SOLEDAD,PARR.,PARROQUIA,3
459,394,82,PARROQUIA CATIA LA MAR,PARR.,PARROQUIA,3
2971,2970,83,PARROQUIA ANTONIO JOSE DE SUCRE,PARR.,PARROQUIA,3
2940,2934,84,PARROQUIA GUARAMACAL,PARR.,PARROQUIA,3
2812,2808,85,PARROQUIA SAN JUAN DE GUANAGUANARE,PARR.,PARROQUIA,3
2047,2045,86,PARROQUIA SAN FRANCISCO,PARR.,PARROQUIA,3
2394,2389,87,PARROQUIA MACORUCA,PARR.,PARROQUIA,3
2068,2066,88,PARROQUIA TOMAS ALFARO CALATRAVA,PARR.,PARROQUIA,3
7230,2248,89,PARROQUIA SECCION CAPITAL ROSCIO,PARR.,PARROQUIA,3
2829,2828,90,PARROQUIA PAYARA,PARR.,PARROQUIA,3
5777,610,91,PARROQUIA CANA DE AZUCAR,PARR.,PARROQUIA,3
2265,2262,92,PARROQUIA SIMON BOLIVAR,PARR.,PARROQUIA,3
3194,3192,93,PARROQUIA JESUS MARIA SEMPRUN,PARR.,PARROQUIA,3
3122,3121,94,PARROQUIA UMUQUENA,PARR.,PARROQUIA,3
2871,2868,95,PARROQUIA GRAL FRANCISCO ANTONIO VASQUEZ,PARR.,PARROQUIA,3
2144,2143,96,PARROQUIA ANDRES BELLO,PARR.,PARROQUIA,3
2102,2098,97,PARROQUIA SAN FERNANDO,PARR.,PARROQUIA,3
2651,2650,98,PARROQUIA LOS BARRANCOS DE FAJARDO,PARR.,PARROQUIA,3
2822,2821,99,PARROQUIA LA APARICION,PARR.,PARROQUIA,3
3061,3060,100,PARROQUIA CORDOBA,PARR.,PARROQUIA,3
13913,2040,101,PARROQUIA CANTAURA,PARR.,PARROQUIA,3
300,2,102,PARROQUIA SAN JUAN,PARR.,PARROQUIA,3
2239,2232,103,PARROQUIA PANAPANA,PARR.,PARROQUIA,3
3220,3213,104,PARROQUIA TAMARE,PARR.,PARROQUIA,3
2092,2089,105,PARROQUIA SAN CAMILO,PARR.,PARROQUIA,3
2723,2721,106,PARROQUIA LA VENTA,PARR.,PARROQUIA,3
2885,2883,107,PARROQUIA LIBERTAD,PARR.,PARROQUIA,3
2577,2574,108,PARROQUIA CAMACARO,PARR.,PARROQUIA,3
3136,3133,109,PARROQUIA POTOSI,PARR.,PARROQUIA,3
113,2,110,PARROQUIA SAN BERNARDINO,PARR.,PARROQUIA,3
2235,2232,111,PARROQUIA JOSE ANTONIO PAEZ,PARR.,PARROQUIA,3
2635,2625,112,PARROQUIA SAN VICENTE,PARR.,PARROQUIA,3
2383,2382,113,PARROQUIA YARACAL,PARR.,PARROQUIA,3
2997,2996,114,PARROQUIA LA CONCEPCION,PARR.,PARROQUIA,3
1953,1088,115,PARROQUIA SANTA CRUZ,PARR.,PARROQUIA,3
2941,2934,116,PARROQUIA MONSENOR JAUREGUI,PARR.,PARROQUIA,3
2779,2776,117,PARROQUIA CAPITAL GOMEZ,PARR.,PARROQUIA,3
2509,2506,118,PARROQUIA SANTA RITA DE MANAPIRE,PARR.,PARROQUIA,3
3273,3268,119,PARROQUIA MONS ARTURO CELESTINO ALVAREZ,PARR.,PARROQUIA,3
2041,2040,120,PARROQUIA LIBERTADOR,PARR.,PARROQUIA,3
567,394,121,PARROQUIA CARLOS SOUBLETTE,PARR.,PARROQUIA,3
2898,2894,122,PARROQUIA SAN ANTONIO DE IRAPA,PARR.,PARROQUIA,3
2714,2705,123,PARROQUIA JUAN RODRIGUEZ SUAREZ,PARR.,PARROQUIA,3
2306,2304,124,PARROQUIA CATEDRAL,PARR.,PARROQUIA,3
2769,2768,125,PARROQUIA LA ASUNCION,PARR.,PARROQUIA,3
2541,2537,126,PARROQUIA CONCEPCION,PARR.,PARROQUIA,3
3048,3047,127,PARROQUIA SAN JUAN DE COLON,PARR.,PARROQUIA,3
2729,2726,128,PARROQUIA SANTA ELENA DE ARENALES,PARR.,PARROQUIA,3
2435,2430,129,PARROQUIA SAN ANTONIO,PARR.,PARROQUIA,3
2972,2970,130,PARROQUIA EL SOCORRO,PARR.,PARROQUIA,3
2610,2605,131,PARROQUIA SAN AGUSTIN,PARR.,PARROQUIA,3
3191,3187,132,PARROQUIA SAN JOSE,PARR.,PARROQUIA,3
2511,2510,133,PARROQUIA ESPINO,PARR.,PARROQUIA,3
8251,8250,134,PARROQUIA ALTO VENTUARI,PARR.,PARROQUIA,3
2418,2413,135,PARROQUIA MAPARARI,PARR.,PARROQUIA,3
2387,2384,136,PARROQUIA PUNTA CARDON,PARR.,PARROQUIA,3
3022,3020,137,PARROQUIA CHIQUINQUIRA,PARR.,PARROQUIA,3
2380,2375,138,PARROQUIA SEQUE,PARR.,PARROQUIA,3
3099,3098,139,PARROQUIA CONSTITUCION,PARR.,PARROQUIA,3
2876,2875,140,PARROQUIA BOLIVAR,PARR.,PARROQUIA,3
3167,3158,141,PARROQUIA SAN BENITO,PARR.,PARROQUIA,3
1186,1158,142,PARROQUIA FILAS DE MARICHES,PARR.,PARROQUIA,3
3002,3000,143,PARROQUIA LA PAZ,PARR.,PARROQUIA,3
2114,602,144,PARROQUIA MADRE MARIA DE SAN JOSE,PARR.,PARROQUIA,3
2307,2304,145,PARROQUIA EL SOCORRO,PARR.,PARROQUIA,3
2784,2782,146,PARROQUIA CAPITAL MANEIRO,PARR.,PARROQUIA,3
3137,3133,147,PARROQUIA PREGONERO,PARR.,PARROQUIA,3
7962,7961,148,PARROQUIA UCATA,PARR.,PARROQUIA,3
2022,2019,149,PARROQUIA SAN DIEGO DE CABRUTICA,PARR.,PARROQUIA,3
3069,3068,150,PARROQUIA BOCA DE GRITA,PARR.,PARROQUIA,3
2543,2537,151,PARROQUIA JUAN DE VILLEGAS,PARR.,PARROQUIA,3
3038,3035,152,PARROQUIA LA PUERTA,PARR.,PARROQUIA,3
3105,3103,153,PARROQUIA LA PALMITA,PARR.,PARROQUIA,3
1993,1990,154,PARROQUIA SAN JOAQUIN,PARR.,PARROQUIA,3
2955,2951,155,PARROQUIA CEGARRA,PARR.,PARROQUIA,3
2573,2570,156,PARROQUIA SARARE,PARR.,PARROQUIA,3
3023,3020,157,PARROQUIA CRISTOBAL MENDOZA,PARR.,PARROQUIA,3
2132,655,158,PARROQUIA URDANETA,PARR.,PARROQUIA,3
2080,2079,159,PARROQUIA MANTECAL,PARR.,PARROQUIA,3
3,2,160,PARROQUIA ALTAGRACIA,PARR.,PARROQUIA,3
2480,2479,161,PARROQUIA CHAGUARAMAS,PARR.,PARROQUIA,3
2725,2721,162,PARROQUIA TIMOTES,PARR.,PARROQUIA,3
3196,3195,163,PARROQUIA ANDRES BELLO,PARR.,PARROQUIA,3
2061,2056,164,PARROQUIA NARICUAL,PARR.,PARROQUIA,3
2431,2430,165,PARROQUIA GUZMAN GUILLERMO,PARR.,PARROQUIA,3
2463,2461,166,PARROQUIA LAS VEGAS DEL TUY,PARR.,PARROQUIA,3
2944,2934,167,PARROQUIA SAN JOSE,PARR.,PARROQUIA,3
3144,1578,168,PARROQUIA PENA,PARR.,PARROQUIA,3
3065,3062,169,PARROQUIA SANTO DOMINGO,PARR.,PARROQUIA,3
2213,2208,170,PARROQUIA ONCE DE ABRIL,PARR.,PARROQUIA,3
2057,2056,171,PARROQUIA BERGANTIN,PARR.,PARROQUIA,3
3172,3171,172,PARROQUIA MORALITO,PARR.,PARROQUIA,3
2748,2745,173,PARROQUIA LA TRAMPA,PARR.,PARROQUIA,3
2614,2612,174,PARROQUIA CAPITAL CEDENO,PARR.,PARROQUIA,3
2593,2592,175,PARROQUIA MOROTURO,PARR.,PARROQUIA,3
9232,2070,176,PARROQUIA ACHAGUAS,PARR.,PARROQUIA,3
2669,2666,177,PARROQUIA SANTA CRUZ DE MORA,PARR.,PARROQUIA,3
2641,2637,178,PARROQUIA GUANAGUANA,PARR.,PARROQUIA,3
8172,7992,179,PARROQUIA PLATANILLAL,PARR.,PARROQUIA,3
2097,2095,180,PARROQUIA ELORZA,PARR.,PARROQUIA,3
2062,2056,181,PARROQUIA SAN CRISTOBAL,PARR.,PARROQUIA,3
2691,2689,182,PARROQUIA FLORENCIO RAMIREZ,PARR.,PARROQUIA,3
151,2,183,PARROQUIA 23 DE ENERO,PARR.,PARROQUIA,3
803,802,184,PARROQUIA CHACAO,PARR.,PARROQUIA,3
2835,2833,185,PARROQUIA CAPIT SAN GENARO DE BOCONOITO,PARR.,PARROQUIA,3
2986,2982,186,PARROQUIA EL DIVIDIVE,PARR.,PARROQUIA,3
3239,3221,187,PARROQUIA VENANCIO PULGAR,PARR.,PARROQUIA,3
2873,2868,188,PARROQUIA TUNAPUICITO,PARR.,PARROQUIA,3
3067,3066,189,PARROQUIA SAN JOSE DE BOLIVAR,PARR.,PARROQUIA,3
2665,2664,190,PARROQUIA LA AZULITA,PARR.,PARROQUIA,3
2218,2208,191,PARROQUIA VISTA AL SOL,PARR.,PARROQUIA,3
2005,2004,192,PARROQUIA ATAPIRIRE,PARR.,PARROQUIA,3
2391,2389,193,PARROQUIA GUAIBACOA,PARR.,PARROQUIA,3
2166,2152,194,PARROQUIA TORUNOS,PARR.,PARROQUIA,3
2151,2147,195,PARROQUIA SAN ANTONIO,PARR.,PARROQUIA,3
2539,2537,196,PARROQUIA BUENA VISTA,PARR.,PARROQUIA,3
1422,1421,197,PARROQUIA INDEPENDENCIA,PARR.,PARROQUIA,3
2363,2356,198,PARROQUIA SAN RAFAEL,PARR.,PARROQUIA,3
3146,1634,199,PARROQUIA VEROES,PARR.,PARROQUIA,3
2536,2534,200,PARROQUIA JOSE MARIA BLANCO,PARR.,PARROQUIA,3
660,659,201,PARROQUIA MAGDALENO,PARR.,PARROQUIA,3
3157,3151,202,PARROQUIA SAN TIMOTEO,PARR.,PARROQUIA,3
2708,2705,203,PARROQUIA CARACCIOLO PARRA PEREZ,PARR.,PARROQUIA,3
3081,3080,204,PARROQUIA BRAMON,PARR.,PARROQUIA,3
613,612,205,PARROQUIA CHUAO,PARR.,PARROQUIA,3
3132,3131,206,PARROQUIA TORBES,PARR.,PARROQUIA,3
14828,14825,207,PARROQUIA MANUEL FELIPE RUGELES,PARR.,PARROQUIA,3
3110,3109,208,PARROQUIA DELICIAS,PARR.,PARROQUIA,3
2001,2000,209,PARROQUIA FERNANDO DE PENALVER,PARR.,PARROQUIA,3
413,394,210,PARROQUIA CARAYACA,PARR.,PARROQUIA,3
3037,3035,211,PARROQUIA LA BEATRIZ,PARR.,PARROQUIA,3
3249,3247,212,PARROQUIA EL ROSARIO,PARR.,PARROQUIA,3
3260,3259,213,PARROQUIA EL MENE,PARR.,PARROQUIA,3
2042,2040,214,PARROQUIA PEDRO MARIA FREITES,PARR.,PARROQUIA,3
2154,2152,215,PARROQUIA ALTO BARINAS,PARR.,PARROQUIA,3
3041,3035,216,PARROQUIA SAN LUIS,PARR.,PARROQUIA,3
2443,2442,217,PARROQUIA PALMASOLA,PARR.,PARROQUIA,3
2051,2050,218,PARROQUIA BOCA DE CHAVEZ,PARR.,PARROQUIA,3
3030,3028,219,PARROQUIA CABIMBU,PARR.,PARROQUIA,3
2715,2705,220,PARROQUIA LASSO DE LA VEGA,PARR.,PARROQUIA,3
3169,3168,221,PARROQUIA ENCONTRADOS,PARR.,PARROQUIA,3
580,394,222,PARROQUIA RAUL LEONI,PARR.,PARROQUIA,3
2804,2802,223,PARROQUIA RIO ACARIGUA,PARR.,PARROQUIA,3
673,664,224,PARROQUIA PANAQUIRE,PARR.,PARROQUIA,3
3250,3247,225,PARROQUIA SIXTO ZAMBRANO,PARR.,PARROQUIA,3
1042,1041,226,PARROQUIA SAN ANTONIO DE LOS ALTOS,PARR.,PARROQUIA,3
3243,3240,227,PARROQUIA FARIA,PARR.,PARROQUIA,3
2658,2656,228,PARROQUIA HECTOR AMABLE MORA,PARR.,PARROQUIA,3
3173,3171,229,PARROQUIA SAN CARLOS DEL ZULIA,PARR.,PARROQUIA,3
2584,2574,230,PARROQUIA LARA,PARR.,PARROQUIA,3
2516,2513,231,PARROQUIA SAN JOSE DE TIZNADO,PARR.,PARROQUIA,3
3129,3127,232,PARROQUIA QUENIQUEA,PARR.,PARROQUIA,3
2075,2070,233,PARROQUIA QUESERAS DEL MEDIO,PARR.,PARROQUIA,3
3058,3056,234,PARROQUIA LA FLORIDA,PARR.,PARROQUIA,3
2561,2557,235,PARROQUIA HILARIO LUNA Y LUNA,PARR.,PARROQUIA,3
3135,3133,236,PARROQUIA JUAN PABLO PENALOZA,PARR.,PARROQUIA,3
3186,3182,237,PARROQUIA SINAMAICA,PARR.,PARROQUIA,3
2179,2175,238,PARROQUIA SANTA BARBARA,PARR.,PARROQUIA,3
614,612,239,PARROQUIA SAMAN DE GUERE,PARR.,PARROQUIA,3
2636,2625,240,PARROQUIA SANTA CRUZ,PARR.,PARROQUIA,3
2948,2947,241,PARROQUIA CHEREGUE,PARR.,PARROQUIA,3
2271,2270,242,PARROQUIA AGUAS CALIENTES,PARR.,PARROQUIA,3
2206,2203,243,PARROQUIA SAN FRANCISCO,PARR.,PARROQUIA,3
2445,2444,244,PARROQUIA CABURE,PARR.,PARROQUIA,3
14826,14825,245,PARROQUIA CAPITAL LIBERTAD,PARR.,PARROQUIA,3
2626,2625,246,PARROQUIA ALTO DE LOS GODOS,PARR.,PARROQUIA,3
16559,2620,247,PARROQUIA TEMBLADOR,PARR.,PARROQUIA,3
2590,2574,248,PARROQUIA TORRES,PARR.,PARROQUIA,3
2293,2291,249,PARROQUIA BORBURATA,PARR.,PARROQUIA,3
2425,2423,250,PARROQUIA LOS TAQUES,PARR.,PARROQUIA,3
2407,2403,251,PARROQUIA BUENA VISTA,PARR.,PARROQUIA,3
2815,2814,252,PARROQUIA DIVINA PASTORA,PARR.,PARROQUIA,3
3100,3098,253,PARROQUIA LOBATERA,PARR.,PARROQUIA,3
3031,3028,254,PARROQUIA JAJO,PARR.,PARROQUIA,3
2368,2366,255,PARROQUIA LA PASTORA,PARR.,PARROQUIA,3
2680,2673,256,PARROQUIA MUCUTUY,PARR.,PARROQUIA,3
8245,8224,257,PARROQUIA SIPAPO,PARR.,PARROQUIA,3
1995,1994,258,PARROQUIA ARAGUA,PARR.,PARROQUIA,3
1030,909,259,PARROQUIA TACATA,PARR.,PARROQUIA,3
2938,2934,260,PARROQUIA EL CARMEN,PARR.,PARROQUIA,3
6971,2242,261,PARROQUIA PADRE PEDRO CHIEN,PARR.,PARROQUIA,3
2647,2645,262,PARROQUIA CAPITAL PUNCERES,PARR.,PARROQUIA,3
1613,1612,263,PARROQUIA BORAURE,PARR.,PARROQUIA,3
2642,2637,264,PARROQUIA LA TOSCANA,PARR.,PARROQUIA,3
2907,2902,265,PARROQUIA SAN FERNANDO,PARR.,PARROQUIA,3
2137,2136,266,PARROQUIA RODRIGUEZ DOMINGUEZ,PARR.,PARROQUIA,3
2031,2029,267,PARROQUIA SAN PABLO,PARR.,PARROQUIA,3
2713,2705,268,PARROQUIA JACINTO PLAZA,PARR.,PARROQUIA,3
2178,2175,269,PARROQUIA RAMON IGNACIO MENDEZ,PARR.,PARROQUIA,3
2659,2656,270,PARROQUIA JOSE NUCETE SARDI,PARR.,PARROQUIA,3
2015,2013,271,PARROQUIA GUANTA,PARR.,PARROQUIA,3
2781,2776,272,PARROQUIA SUCRE,PARR.,PARROQUIA,3
3223,3221,273,PARROQUIA BOLIVAR,PARR.,PARROQUIA,3
2420,2419,274,PARROQUIA AGUA LINDA,PARR.,PARROQUIA,3
2336,2335,275,PARROQUIA GRAL JEFE JOSE LAURENCIO SILVA,PARR.,PARROQUIA,3
2993,2992,276,PARROQUIA EL BANO,PARR.,PARROQUIA,3
2633,2625,277,PARROQUIA MATURIN,PARR.,PARROQUIA,3
2767,2766,278,PARROQUIA LA PLAZA DE PARAGUACHI,PARR.,PARROQUIA,3
2385,2384,279,PARROQUIA CARIRUBANA,PARR.,PARROQUIA,3
2231,2229,280,PARROQUIA IKABARU,PARR.,PARROQUIA,3
2096,2095,281,PARROQUIA LA TRINIDAD,PARR.,PARROQUIA,3
2049,2048,282,PARROQUIA SAN JOSE DE GUANIPA,PARR.,PARROQUIA,3
2404,2403,283,PARROQUIA ADAURE,PARR.,PARROQUIA,3
2253,2251,284,PARROQUIA SAN ISIDRO,PARR.,PARROQUIA,3
2263,2262,285,PARROQUIA BEJUMA,PARR.,PARROQUIA,3
2460,2459,286,PARROQUIA TOCOPERO,PARR.,PARROQUIA,3
2978,2977,287,PARROQUIA EL PROGRESO,PARR.,PARROQUIA,3
2679,2673,288,PARROQUIA MUCUCHACHI,PARR.,PARROQUIA,3
2615,2612,289,PARROQUIA SAN FELIX,PARR.,PARROQUIA,3
2571,2570,290,PARROQUIA BURIA,PARR.,PARROQUIA,3
2489,2488,291,PARROQUIA SAN RAFAEL DE LAYA,PARR.,PARROQUIA,3
2607,2605,292,PARROQUIA EL GUACHARO,PARR.,PARROQUIA,3
3055,3051,293,PARROQUIA PALOTAL,PARR.,PARROQUIA,3
3054,3051,294,PARROQUIA JUAN VICENTE GOMEZ,PARR.,PARROQUIA,3
2157,2152,295,PARROQUIA DOMINGA ORTIZ DE PAEZ,PARR.,PARROQUIA,3
2037,2036,296,PARROQUIA GUANAPE,PARR.,PARROQUIA,3
2024,2019,297,PARROQUIA UVERITO,PARR.,PARROQUIA,3
2131,625,298,PARROQUIA SUCRE,PARR.,PARROQUIA,3
3219,3213,299,PARROQUIA SAN RAFAEL,PARR.,PARROQUIA,3
2908,2902,300,PARROQUIA SAN LORENZO,PARR.,PARROQUIA,3
2018,2016,301,PARROQUIA MAMO,PARR.,PARROQUIA,3
12947,2456,302,PARROQUIA LA CRUZ DE TARATARA,PARR.,PARROQUIA,3
2920,2915,303,PARROQUIA SAN JUAN,PARR.,PARROQUIA,3
2742,2740,304,PARROQUIA GERONIMO MALDONADO,PARR.,PARROQUIA,3
2778,2776,305,PARROQUIA GUEVARA,PARR.,PARROQUIA,3
2133,659,306,PARROQUIA AUGUSTO MIJARES,PARR.,PARROQUIA,3
2616,2612,307,PARROQUIA VIENTO FRESCO,PARR.,PARROQUIA,3
2278,2277,308,PARROQUIA MORON,PARR.,PARROQUIA,3
1316,1315,309,PARROQUIA CUA,PARR.,PARROQUIA,3
3128,3127,310,PARROQUIA ELEAZAR LOPEZ CONTRERAS,PARR.,PARROQUIA,3
3231,3221,311,PARROQUIA IDELFONSO VASQUEZ,PARR.,PARROQUIA,3
2023,2019,312,PARROQUIA SANTA CLARA,PARR.,PARROQUIA,3
2238,2232,313,PARROQUIA ORINOCO,PARR.,PARROQUIA,3
3014,3010,314,PARROQUIA JOSE LEONARDO SUAREZ,PARR.,PARROQUIA,3
3087,3085,315,PARROQUIA LA GRITA,PARR.,PARROQUIA,3
3262,3259,316,PARROQUIA PEDRO LUCAS URRIBARRI,PARR.,PARROQUIA,3
2671,2670,317,PARROQUIA ARICAGUA,PARR.,PARROQUIA,3
2677,2673,318,PARROQUIA EL MOLINO,PARR.,PARROQUIA,3
2044,2040,319,PARROQUIA URICA,PARR.,PARROQUIA,3
317,2,320,PARROQUIA EL PARAISO,PARR.,PARROQUIA,3
2830,2828,321,PARROQUIA PIMPINELA,PARR.,PARROQUIA,3
2515,2513,322,PARROQUIA SAN FRANCISCO DE TIZNADO,PARR.,PARROQUIA,3
2831,2828,323,PARROQUIA CAPITAL PAEZ,PARR.,PARROQUIA,3
2696,2695,324,PARROQUIA GUARAQUE,PARR.,PARROQUIA,3
3188,3187,325,PARROQUIA JOSE RAMON YEPES,PARR.,PARROQUIA,3
3107,3106,326,PARROQUIA CAPITAL URENA,PARR.,PARROQUIA,3
3113,3111,327,PARROQUIA HERNANDEZ,PARR.,PARROQUIA,3
2545,2537,328,PARROQUIA SANTA ROSA,PARR.,PARROQUIA,3
2780,2776,329,PARROQUIA MATASIETE,PARR.,PARROQUIA,3
2197,2196,330,PARROQUIA CIUDAD DE NUTRIAS,PARR.,PARROQUIA,3
3159,3158,331,PARROQUIA AMBROSIO,PARR.,PARROQUIA,3
3199,3195,332,PARROQUIA EL CARMELO,PARR.,PARROQUIA,3
2849,2843,333,PARROQUIA VILLA ROSA,PARR.,PARROQUIA,3
2406,2403,334,PARROQUIA BARAIVED,PARR.,PARROQUIA,3
2184,2180,335,PARROQUIA OBISPOS,PARR.,PARROQUIA,3
2731,2730,336,PARROQUIA SANTA MARIA DE CARAPO,PARR.,PARROQUIA,3
2205,2203,337,PARROQUIA BARCELONETA,PARR.,PARROQUIA,3
289,2,338,PARROQUIA SAN AGUSTIN,PARR.,PARROQUIA,3
2416,2413,339,PARROQUIA EL PAUJI,PARR.,PARROQUIA,3
6495,2203,340,PARROQUIA SECCION CAPITAL ANGOSTURA,PARR.,PARROQUIA,3
1000,909,341,PARROQUIA PARACOTOS,PARR.,PARROQUIA,3
3049,3047,342,PARROQUIA RIVAS BERTI,PARR.,PARROQUIA,3
2504,2503,343,PARROQUIA EL SOMBRERO,PARR.,PARROQUIA,3
535,394,344,PARROQUIA MAIQUETIA,PARR.,PARROQUIA,3
3207,3201,345,PARROQUIA VENEZUELA,PARR.,PARROQUIA,3
2162,2152,346,PARROQUIA RAMON IGNACIO MENDEZ,PARR.,PARROQUIA,3
2338,2337,347,PARROQUIA TINAQUILLO,PARR.,PARROQUIA,3
2279,2277,348,PARROQUIA URAMA,PARR.,PARROQUIA,3
2903,2902,349,PARROQUIA ARENAS,PARR.,PARROQUIA,3
2472,2468,350,PARROQUIA PUERTO CUMAREBO,PARR.,PARROQUIA,3
2949,2947,351,PARROQUIA GRANADOS,PARR.,PARROQUIA,3
2107,2105,352,PARROQUIA FRANCISCO DE MIRANDA,PARR.,PARROQUIA,3
2667,2666,353,PARROQUIA MESA BOLIVAR,PARR.,PARROQUIA,3
3189,3187,354,PARROQUIA LA CONCEPCION,PARR.,PARROQUIA,3
9945,2499,355,PARROQUIA SAN LORENZO DE TIZNADOS,PARR.,PARROQUIA,3
2192,2190,356,PARROQUIA LIBERTAD,PARR.,PARROQUIA,3
2853,2850,357,PARROQUIA SANTA CRUZ,PARR.,PARROQUIA,3
2104,600,358,PARROQUIA CAMATAGUA,PARR.,PARROQUIA,3
2437,2430,359,PARROQUIA SANTA ANA,PARR.,PARROQUIA,3
2629,2625,360,PARROQUIA EL FURRIAL,PARR.,PARROQUIA,3
2906,2902,361,PARROQUIA CUMANACOA,PARR.,PARROQUIA,3
2125,2124,362,PARROQUIA OCUMARE DE LA COSTA,PARR.,PARROQUIA,3
2376,2375,363,PARROQUIA BARIRO,PARR.,PARROQUIA,3
3153,3151,364,PARROQUIA LIBERTADOR,PARR.,PARROQUIA,3
8225,8224,365,PARROQUIA SAMARIAPO,PARR.,PARROQUIA,3
2172,2171,366,PARROQUIA BARRANCAS,PARR.,PARROQUIA,3
2161,2152,367,PARROQUIA MANUEL PALACIO FAJARDO,PARR.,PARROQUIA,3
12283,2423,368,PARROQUIA VILLA MARINA,PARR.,PARROQUIA,3
497,394,369,PARROQUIA LA GUAIRA,PARR.,PARROQUIA,3
3003,3000,370,PARROQUIA PAMPAN,PARR.,PARROQUIA,3
2737,2734,371,PARROQUIA MUCUCHIES,PARR.,PARROQUIA,3
14827,14825,372,PARROQUIA CIPRIANO CASTRO,PARR.,PARROQUIA,3
3126,3125,373,PARROQUIA SAN SIMON,PARR.,PARROQUIA,3
1157,1155,374,PARROQUIA SAN FRANCISCO DE YARE,PARR.,PARROQUIA,3
3070,3068,375,PARROQUIA JOSE ANTONIO PAEZ,PARR.,PARROQUIA,3
2155,2152,376,PARROQUIA BARINAS,PARR.,PARROQUIA,3
3071,3068,377,PARROQUIA LA FRIA,PARR.,PARROQUIA,3
2580,2574,378,PARROQUIA CHIQUINQUIRA,PARR.,PARROQUIA,3
3170,3168,379,PARROQUIA UDON PEREZ,PARR.,PARROQUIA,3
3181,3177,380,PARROQUIA SIMON RODRIGUEZ,PARR.,PARROQUIA,3
3114,3111,381,PARROQUIA LA TENDIDA,PARR.,PARROQUIA,3
2311,2304,382,PARROQUIA SAN BLAS,PARR.,PARROQUIA,3
3228,3221,383,PARROQUIA COQUIVACOA,PARR.,PARROQUIA,3
2646,2645,384,PARROQUIA CACHIPO,PARR.,PARROQUIA,3
2350,2347,385,PARROQUIA JUAN BAUTISTA ARISMENDI,PARR.,PARROQUIA,3
23879,2232,386,PARROQUIA MARHUANTA,PARR.,PARROQUIA,3
1034,1033,387,PARROQUIA EL CARTANAL,PARR.,PARROQUIA,3
2272,2270,388,PARROQUIA MARIARA,PARR.,PARROQUIA,3
3102,3101,389,PARROQUIA MICHELENA,PARR.,PARROQUIA,3
754,678,390,PARROQUIA LAS MINAS,PARR.,PARROQUIA,3
2477,2475,391,PARROQUIA PUERTO MIRANDA,PARR.,PARROQUIA,3
2177,2175,392,PARROQUIA PEDRO BRICENO MENDEZ,PARR.,PARROQUIA,3
2006,2004,393,PARROQUIA BOCA DEL PAO,PARR.,PARROQUIA,3
2678,2673,394,PARROQUIA GUAIMARAL,PARR.,PARROQUIA,3
3029,3028,395,PARROQUIA LA MESA,PARR.,PARROQUIA,3
2525,2524,396,PARROQUIA SAN JOSE DE GUARIBE,PARR.,PARROQUIA,3
64,2,397,PARROQUIA EL VALLE,PARR.,PARROQUIA,3
2819,2818,398,PARROQUIA MONSENOR JOSE VICENTE DE UNDA,PARR.,PARROQUIA,3
2794,2793,399,PARROQUIA LOS BARALES,PARR.,PARROQUIA,3
3139,1389,400,PARROQUIA BRUZUAL,PARR.,PARROQUIA,3
3162,3158,401,PARROQUIA GERMAN RIOS LINARES,PARR.,PARROQUIA,3
2429,2426,402,PARROQUIA SAN FELIX,PARR.,PARROQUIA,3
2025,2019,403,PARROQUIA ZUATA,PARR.,PARROQUIA,3
2369,2366,404,PARROQUIA LIBERTADOR,PARR.,PARROQUIA,3
2942,2934,405,PARROQUIA MOSQUEY,PARR.,PARROQUIA,3
3263,3259,406,PARROQUIA SANTA RITA,PARR.,PARROQUIA,3
2975,2974,407,PARROQUIA ARNOLDO GABALDON,PARR.,PARROQUIA,3
3164,3158,408,PARROQUIA LA ROSA,PARR.,PARROQUIA,3
833,827,409,PARROQUIA LAS BRISAS,PARR.,PARROQUIA,3
1080,1079,410,PARROQUIA SANTA LUCIA,PARR.,PARROQUIA,3
2182,2180,411,PARROQUIA LA LUZ,PARR.,PARROQUIA,3
2618,2617,412,PARROQUIA EL TEJERO,PARR.,PARROQUIA,3
2760,2757,413,PARROQUIA NUEVA BOLIVIA,PARR.,PARROQUIA,3
2252,2251,414,PARROQUIA DALLA COSTA,PARR.,PARROQUIA,3
2284,2283,415,PARROQUIA LOS GUAYOS,PARR.,PARROQUIA,3
2845,2843,416,PARROQUIA SAN JOSE DE SAGUAZ,PARR.,PARROQUIA,3
2562,2557,417,PARROQUIA HUMOCARO ALTO,PARR.,PARROQUIA,3
3272,3268,418,PARROQUIA HERAS,PARR.,PARROQUIA,3
2126,620,419,PARROQUIA SAN CASIMIRO,PARR.,PARROQUIA,3
95,2,420,PARROQUIA LA PASTORA,PARR.,PARROQUIA,3
1318,1315,421,PARROQUIA NUEVA CUA,PARR.,PARROQUIA,3
2735,2734,422,PARROQUIA CACUTE,PARR.,PARROQUIA,3
2546,2537,423,PARROQUIA TAMACA,PARR.,PARROQUIA,3
2890,2887,424,PARROQUIA MANICUARE,PARR.,PARROQUIA,3
2138,2136,425,PARROQUIA SABANETA,PARR.,PARROQUIA,3
2932,2929,426,PARROQUIA LA ESPERANZA,PARR.,PARROQUIA,3
2357,2356,427,PARROQUIA JOSE VIDAL MARCANO,PARR.,PARROQUIA,3
26087,26086,428,PARROQUIA AUGUSTO MIJARES,PARR.,PARROQUIA,3
2943,2934,429,PARROQUIA RAFAEL RANGEL,PARR.,PARROQUIA,3
3210,3208,430,PARROQUIA LIBERTAD,PARR.,PARROQUIA,3
2191,2190,431,PARROQUIA DOLORES,PARR.,PARROQUIA,3
2976,2974,432,PARROQUIA CAMPO ELIAS,PARR.,PARROQUIA,3
2364,2356,433,PARROQUIA VIRGEN DEL VALLE,PARR.,PARROQUIA,3
3097,3093,434,PARROQUIA SAN JOAQUIN DE NAVAY,PARR.,PARROQUIA,3
2497,2491,435,PARROQUIA SAN RAFAEL DE ORITUCO,PARR.,PARROQUIA,3
2981,2977,436,PARROQUIA TRES DE FEBRERO,PARR.,PARROQUIA,3
2452,2451,437,PARROQUIA MIRIMIRE,PARR.,PARROQUIA,3
2447,2444,438,PARROQUIA CURIMAGUA,PARR.,PARROQUIA,3
2686,2681,439,PARROQUIA MATRIZ,PARR.,PARROQUIA,3
3236,3221,440,PARROQUIA RAUL LEONI,PARR.,PARROQUIA,3
3278,3275,441,PARROQUIA RAUL CUENCA,PARR.,PARROQUIA,3
2594,2592,442,PARROQUIA SAN MIGUEL,PARR.,PARROQUIA,3
2020,2019,443,PARROQUIA JOSE GREGORIO MONAGAS,PARR.,PARROQUIA,3
3025,3020,444,PARROQUIA MATRIZ,PARR.,PARROQUIA,3
2741,2740,445,PARROQUIA BAILADORES,PARR.,PARROQUIA,3
3229,3221,446,PARROQUIA CRISTO DE ARANZA,PARR.,PARROQUIA,3
2551,2548,447,PARROQUIA DIEGO DE LOZADA,PARR.,PARROQUIA,3
14775,14774,448,PARROQUIA DR. JUAN GERMAN ROSCIO,PARR.,PARROQUIA,3
2106,2105,449,PARROQUIA FRANCISCO LINARES ALCANTARA,PARR.,PARROQUIA,3
2634,2625,450,PARROQUIA SAN SIMON,PARR.,PARROQUIA,3
2736,2734,451,PARROQUIA LA TOMA,PARR.,PARROQUIA,3
2011,2010,452,PARROQUIA FRANCISCO DEL CARMEN CARVAJAL,PARR.,PARROQUIA,3
343,2,453,PARROQUIA SANTA TERESA,PARR.,PARROQUIA,3
2326,2325,454,PARROQUIA LA AGUADITA,PARR.,PARROQUIA,3
2281,2280,455,PARROQUIA INDEPENDENCIA,PARR.,PARROQUIA,3
2877,2875,456,PARROQUIA MACARAPANA,PARR.,PARROQUIA,3
1952,1088,457,PARROQUIA MACHURUCUTO,PARR.,PARROQUIA,3
2565,2557,458,PARROQUIA MORAN,PARR.,PARROQUIA,3
3271,3268,459,PARROQUIA GIBRALTAR,PARR.,PARROQUIA,3
2386,2384,460,PARROQUIA NORTE,PARR.,PARROQUIA,3
2129,612,461,PARROQUIA SANTIAGO MARINO,PARR.,PARROQUIA,3
2738,2734,462,PARROQUIA MUCURUBA,PARR.,PARROQUIA,3
2798,2796,463,PARROQUIA CAPITAL VILLALBA,PARR.,PARROQUIA,3
2585,2574,464,PARROQUIA LAS MERCEDES,PARR.,PARROQUIA,3
1493,1492,465,PARROQUIA ALBARICO,PARR.,PARROQUIA,3
2556,2548,466,PARROQUIA TINTORERO,PARR.,PARROQUIA,3
2110,602,467,PARROQUIA JOAQUIN CRESPO,PARR.,PARROQUIA,3
3007,3005,468,PARROQUIA JOSE GREGORIO HERNANDEZ,PARR.,PARROQUIA,3
2547,2537,469,PARROQUIA UNION,PARR.,PARROQUIA,3
2415,2413,470,PARROQUIA CHURUGUARA,PARR.,PARROQUIA,3
676,675,471,PARROQUIA CUMBO,PARR.,PARROQUIA,3
3211,3208,472,PARROQUIA RIO NEGRO,PARR.,PARROQUIA,3
2532,2530,473,PARROQUIA QUEBRADA HONDA DE GUACHE,PARR.,PARROQUIA,3
2078,2077,474,PARROQUIA BIRUACA,PARR.,PARROQUIA,3
2130,616,475,PARROQUIA SANTOS MICHELENA,PARR.,PARROQUIA,3
2219,2208,476,PARROQUIA YOCOIMA,PARR.,PARROQUIA,3
3202,3201,477,PARROQUIA ALONSO DE OJEDA,PARR.,PARROQUIA,3
14777,14774,478,PARROQUIA ROMAN CARDENAS,PARR.,PARROQUIA,3
2275,2273,479,PARROQUIA GUACARA,PARR.,PARROQUIA,3
3214,3213,480,PARROQUIA LA SIERRITA,PARR.,PARROQUIA,3
2486,2483,481,PARROQUIA EL RASTRO,PARR.,PARROQUIA,3
3057,3056,482,PARROQUIA AMENODORO RANGEL LAMUS,PARR.,PARROQUIA,3
777,776,483,PARROQUIA MAMPORAL,PARR.,PARROQUIA,3
2863,2862,484,PARROQUIA ANTONIO JOSE DE SUCRE,PARR.,PARROQUIA,3
2719,2705,485,PARROQUIA SAGRARIO,PARR.,PARROQUIA,3
2990,2988,486,PARROQUIA MONTE CARMELO,PARR.,PARROQUIA,3
2739,2734,487,PARROQUIA SAN RAFAEL DE MUCUCHIES,PARR.,PARROQUIA,3
2896,2894,488,PARROQUIA IRAPA,PARR.,PARROQUIA,3
2552,2548,489,PARROQUIA JOSE BERNARDO DORANTE,PARR.,PARROQUIA,3
3063,3062,490,PARROQUIA ALBERTO ADRIANI,PARR.,PARROQUIA,3
2027,2026,491,PARROQUIA POZUELOS,PARR.,PARROQUIA,3
2115,602,492,PARROQUIA PEDRO JOSE OVALLES,PARR.,PARROQUIA,3
2611,2605,493,PARROQUIA TERESEN,PARR.,PARROQUIA,3
2329,2328,494,PARROQUIA EL PAO,PARR.,PARROQUIA,3
2962,2959,495,PARROQUIA LA CONCEPCION,PARR.,PARROQUIA,3
2256,2255,496,PARROQUIA ARIPAO,PARR.,PARROQUIA,3
622,620,497,PARROQUIA OLLAS DE CARAMACATE,PARR.,PARROQUIA,3
8261,8250,498,PARROQUIA MEDIO VENTUARI,PARR.,PARROQUIA,3
1089,1088,499,PARROQUIA CUPIRA,PARR.,PARROQUIA,3
2417,2413,500,PARROQUIA INDEPENDENCIA,PARR.,PARROQUIA,3
3155,3151,501,PARROQUIA MARCELINO BRICENO,PARR.,PARROQUIA,3
2999,2996,502,PARROQUIA PAMPANITO II,PARR.,PARROQUIA,3
2575,2574,503,PARROQUIA ALTAGRACIA,PARR.,PARROQUIA,3
2012,2010,504,PARROQUIA VALLE DE GUANAPE,PARR.,PARROQUIA,3
2837,2836,505,PARROQUIA CAPITAL SAN RAFAEL DE ONOTO,PARR.,PARROQUIA,3
3034,3028,506,PARROQUIA TUNAME,PARR.,PARROQUIA,3
3232,3221,507,PARROQUIA JUANA DE AVILA,PARR.,PARROQUIA,3
2039,2036,508,PARROQUIA SABANA DE UCHIRE,PARR.,PARROQUIA,3
23902,2232,509,PARROQUIA VISTA HERMOSA,PARR.,PARROQUIA,3
2619,2617,510,PARROQUIA CAPITAL EZEQUIEL ZAMORA,PARR.,PARROQUIA,3
2764,2762,511,PARROQUIA ZEA,PARR.,PARROQUIA,3
671,664,512,PARROQUIA EL CAFE,PARR.,PARROQUIA,3
2150,2147,513,PARROQUIA LA UNION,PARR.,PARROQUIA,3
1078,1074,514,PARROQUIA TACARIGUA DE LA LAGUNA,PARR.,PARROQUIA,3
3253,3251,515,PARROQUIA EL BAJO,PARR.,PARROQUIA,3
14776,14774,516,PARROQUIA CAPITAL INDEPENDENCIA,PARR.,PARROQUIA,3
2960,2959,517,PARROQUIA CARACHE,PARR.,PARROQUIA,3
27941,2689,518,PARROQUIA TUCANI,PARR.,PARROQUIA,3
2054,2053,519,PARROQUIA PUEBLO NUEVO,PARR.,PARROQUIA,3
1363,1362,520,PARROQUIA SAN PABLO,PARR.,PARROQUIA,3
2921,2915,521,PARROQUIA SANTA INES,PARR.,PARROQUIA,3
2950,2947,522,PARROQUIA SABANA GRANDE,PARR.,PARROQUIA,3
2168,2167,523,PARROQUIA ALTAMIRA,PARR.,PARROQUIA,3
2320,2318,524,PARROQUIA MANUEL MANRIQUE,PARR.,PARROQUIA,3
2892,2891,525,PARROQUIA CAMPO ELIAS,PARR.,PARROQUIA,3
1581,1580,526,PARROQUIA GUAMA,PARR.,PARROQUIA,3
2082,2079,527,PARROQUIA RINCON HONDO,PARR.,PARROQUIA,3
615,612,528,PARROQUIA AREVALO APONTE,PARR.,PARROQUIA,3
2984,2982,529,PARROQUIA AGUA SANTA,PARR.,PARROQUIA,3
3233,3221,530,PARROQUIA LUIS HURTADO HIGUERA,PARR.,PARROQUIA,3
3027,3020,531,PARROQUIA TRES ESQUINAS,PARR.,PARROQUIA,3
3156,3151,532,PARROQUIA PUEBLO NUEVO,PARR.,PARROQUIA,3
2848,2843,533,PARROQUIA UVENCIO ANTONIO VELASQUEZ,PARR.,PARROQUIA,3
2817,2814,534,PARROQUIA TRINIDAD DE LA CAPILLA,PARR.,PARROQUIA,3
2194,2190,535,PARROQUIA SANTA ROSA,PARR.,PARROQUIA,3
3052,3051,536,PARROQUIA BOLIVAR,PARR.,PARROQUIA,3
2717,2705,537,PARROQUIA MILLA,PARR.,PARROQUIA,3
2866,2862,538,PARROQUIA RIO CARIBE,PARR.,PARROQUIA,3
2514,2513,539,PARROQUIA CAPITAL ORTIZ,PARR.,PARROQUIA,3
2969,2965,540,PARROQUIA SANTA RITA,PARR.,PARROQUIA,3
2763,2762,541,PARROQUIA CANO EL TIGRE,PARR.,PARROQUIA,3
2786,2785,542,PARROQUIA ADRIAN,PARR.,PARROQUIA,3
2660,2656,543,PARROQUIA PRESIDENTE BETANCOURT,PARR.,PARROQUIA,3
2542,2537,544,PARROQUIA EL CUJI,PARR.,PARROQUIA,3
2373,2371,545,PARROQUIA LA PENA,PARR.,PARROQUIA,3
2055,2053,546,PARROQUIA SANTA ANA,PARR.,PARROQUIA,3
11,2,547,PARROQUIA CATEDRAL,PARR.,PARROQUIA,3
2958,2951,548,PARROQUIA SAN JOSE,PARR.,PARROQUIA,3
2292,2291,549,PARROQUIA BARTOLOME SALOM,PARR.,PARROQUIA,3
2746,2745,550,PARROQUIA CHIGUARA,PARR.,PARROQUIA,3
2579,2574,551,PARROQUIA CECILIO ZUBILLAGA,PARR.,PARROQUIA,3
2867,2862,552,PARROQUIA SAN JUAN DE LAS GALDONAS,PARR.,PARROQUIA,3
3032,3028,553,PARROQUIA LA QUEBRADA,PARR.,PARROQUIA,3
3149,3148,554,PARROQUIA ISLA DE TOAS,PARR.,PARROQUIA,3
2362,2356,555,PARROQUIA SAN JOSE,PARR.,PARROQUIA,3
608,605,556,PARROQUIA ZUATA,PARR.,PARROQUIA,3
2995,2992,557,PARROQUIA MOTATAN,PARR.,PARROQUIA,3
3183,3182,558,PARROQUIA ALTA GUAJIRA,PARR.,PARROQUIA,3
2823,2821,559,PARROQUIA LA ESTACION,PARR.,PARROQUIA,3
8285,8284,560,PARROQUIA COCUY,PARR.,PARROQUIA,3
2869,2868,561,PARROQUIA EL PILAR,PARR.,PARROQUIA,3
2412,2403,562,PARROQUIA PUEBLO NUEVO,PARR.,PARROQUIA,3
2379,2375,563,PARROQUIA GUAJIRO,PARR.,PARROQUIA,3
2323,2322,564,PARROQUIA EL BAUL,PARR.,PARROQUIA,3
2555,2548,565,PARROQUIA SAN MIGUEL,PARR.,PARROQUIA,3
3152,3151,566,PARROQUIA GENERAL URDANETA,PARR.,PARROQUIA,3
2756,2752,567,PARROQUIA TOVAR,PARR.,PARROQUIA,3
3044,3043,568,PARROQUIA CORDERO,PARR.,PARROQUIA,3
2797,2796,569,PARROQUIA VICENTE FUENTES,PARR.,PARROQUIA,3
2074,2070,570,PARROQUIA MUCURITAS,PARR.,PARROQUIA,3
7083,2244,571,PARROQUIA SECCION CAPITAL PIAR,PARR.,PARROQUIA,3
3108,3106,572,PARROQUIA NUEVA ARCADIA,PARR.,PARROQUIA,3
2826,2825,573,PARROQUIA CANO DELGADITO,PARR.,PARROQUIA,3
2847,2843,574,PARROQUIA CAPITAL SUCRE,PARR.,PARROQUIA,3
3215,3213,575,PARROQUIA LAS PARCELAS,PARR.,PARROQUIA,3
2214,2208,576,PARROQUIA POZO VERDE,PARR.,PARROQUIA,3
2568,2566,577,PARROQUIA CABUDARE,PARR.,PARROQUIA,3
2169,2167,578,PARROQUIA BARINITAS,PARR.,PARROQUIA,3
1321,1320,579,PARROQUIA BOLIVAR,PARR.,PARROQUIA,3
3008,3005,580,PARROQUIA LA PUEBLITA,PARR.,PARROQUIA,3
3119,3115,581,PARROQUIA SAN JUAN BAUTISTA,PARR.,PARROQUIA,3
13560,2010,582,PARROQUIA SANTA BARBARA,PARR.,PARROQUIA,3
2141,2139,583,PARROQUIA PUERTO VIVAS,PARR.,PARROQUIA,3
2290,2289,584,PARROQUIA NAGUANAGUA,PARR.,PARROQUIA,3
2683,2681,585,PARROQUIA FERNANDEZ PENA,PARR.,PARROQUIA,3
3218,3213,586,PARROQUIA RICAURTE,PARR.,PARROQUIA,3
2119,2118,587,PARROQUIA EL CONSEJO,PARR.,PARROQUIA,3
2627,2625,588,PARROQUIA BOQUERON,PARR.,PARROQUIA,3
2282,2280,589,PARROQUIA TOCUYITO,PARR.,PARROQUIA,3
2901,2900,590,PARROQUIA SAN ANTONIO DEL GOLFO,PARR.,PARROQUIA,3
1091,1090,591,PARROQUIA GUARENAS,PARR.,PARROQUIA,3
2968,2965,592,PARROQUIA SABANA LIBRE,PARR.,PARROQUIA,3
2801,2800,593,PARROQUIA CAPITAL AGUA BLANCA,PARR.,PARROQUIA,3
1490,1489,594,PARROQUIA SALOM,PARR.,PARROQUIA,3
2295,2291,595,PARROQUIA FRATERNIDAD,PARR.,PARROQUIA,3
554,394,596,PARROQUIA NAIGUATA,PARR.,PARROQUIA,3
2160,2152,597,PARROQUIA JUAN ANTONIO RODRIGUEZ DOM.,PARR.,PARROQUIA,3
2622,2620,598,PARROQUIA LAS ALHUACAS,PARR.,PARROQUIA,3
1999,1997,599,PARROQUIA EL MORRO,PARR.,PARROQUIA,3
2233,2232,600,PARROQUIA AGUA SALADA,PARR.,PARROQUIA,3
2296,2291,601,PARROQUIA GOAIGOAZA,PARR.,PARROQUIA,3
2058,2056,602,PARROQUIA CAIGUA,PARR.,PARROQUIA,3
2919,2915,603,PARROQUIA RAUL LEONI,PARR.,PARROQUIA,3
2250,2248,604,PARROQUIA SALOM,PARR.,PARROQUIA,3
601,600,605,PARROQUIA CARMEN DE CURA,PARR.,PARROQUIA,3
3026,3020,606,PARROQUIA MONSENOR CARRILLO,PARR.,PARROQUIA,3
2712,2705,607,PARROQUIA GONZALO PICON FEBRES,PARR.,PARROQUIA,3
3094,3093,608,PARROQUIA ABEJALES,PARR.,PARROQUIA,3
2755,2752,609,PARROQUIA SAN FRANCISCO,PARR.,PARROQUIA,3
2987,2982,610,PARROQUIA VALERITA,PARR.,PARROQUIA,3
2674,2673,611,PARROQUIA CANAGUA,PARR.,PARROQUIA,3
2895,2894,612,PARROQUIA CAMPO CLARO,PARR.,PARROQUIA,3
2772,2770,613,PARROQUIA ZABALA,PARR.,PARROQUIA,3
2879,2875,614,PARROQUIA SANTA ROSA,PARR.,PARROQUIA,3
623,620,615,PARROQUIA VALLE MORIN,PARR.,PARROQUIA,3
2789,2788,616,PARROQUIA PORLAMAR,PARR.,PARROQUIA,3
2381,2375,617,PARROQUIA ZAZARIDA,PARR.,PARROQUIA,3
2388,2384,618,PARROQUIA SANTA ANA,PARR.,PARROQUIA,3
2675,2673,619,PARROQUIA CAPURI,PARR.,PARROQUIA,3
23840,2232,620,PARROQUIA LA SABANITA,PARR.,PARROQUIA,3
3216,3213,621,PARROQUIA LUIS DE VICENTE,PARR.,PARROQUIA,3
2685,2681,622,PARROQUIA LA MESA,PARR.,PARROQUIA,3
3082,3080,623,PARROQUIA LA PETROLEA,PARR.,PARROQUIA,3
606,605,624,PARROQUIA LAS GUACAMAYAS,PARR.,PARROQUIA,3
2367,2366,625,PARROQUIA CAPADARE,PARR.,PARROQUIA,3
2500,2499,626,PARROQUIA CANTAGALLO,PARR.,PARROQUIA,3
139,2,627,PARROQUIA SAN PEDRO,PARR.,PARROQUIA,3
2084,2079,628,PARROQUIA BRUZUAL,PARR.,PARROQUIA,3
2596,2592,629,PARROQUIA XAGUAS,PARR.,PARROQUIA,3
2121,609,630,PARROQUIA LIBERTADOR,PARR.,PARROQUIA,3
2703,2702,631,PARROQUIA TORONDOY,PARR.,PARROQUIA,3
2809,2808,632,PARROQUIA CORDOBA,PARR.,PARROQUIA,3
2469,2468,633,PARROQUIA LA CIENAGA,PARR.,PARROQUIA,3
607,605,634,PARROQUIA PAO DE ZARATE,PARR.,PARROQUIA,3
1334,1320,635,PARROQUIA GUATIRE,PARR.,PARROQUIA,3
2777,2776,636,PARROQUIA BOLIVAR,PARR.,PARROQUIA,3
2832,2828,637,PARROQUIA RAMON PERAZA,PARR.,PARROQUIA,3
2588,2574,638,PARROQUIA MONTES DE OCA,PARR.,PARROQUIA,3
2519,2518,639,PARROQUIA SAN JOSE DE UNARE,PARR.,PARROQUIA,3
2421,2419,640,PARROQUIA ARAURIMA,PARR.,PARROQUIA,3
2199,2196,641,PARROQUIA PUERTO DE NUTRIAS,PARR.,PARROQUIA,3
2884,2883,642,PARROQUIA EL PAUJIL,PARR.,PARROQUIA,3
679,678,643,PARROQUIA BARUTA,PARR.,PARROQUIA,3
3234,3221,644,PARROQUIA MANUEL DAGNINO,PARR.,PARROQUIA,3
2559,2557,645,PARROQUIA BOLIVAR,PARR.,PARROQUIA,3
6791,2220,646,PARROQUIA SECCION CAPITAL CEDENO,PARR.,PARROQUIA,3
2170,2167,647,PARROQUIA CALDERAS,PARR.,PARROQUIA,3
2733,2732,648,PARROQUIA PUEBLO LLANO,PARR.,PARROQUIA,3
2722,2721,649,PARROQUIA ANDRES ELOY BLANCO,PARR.,PARROQUIA,3
2377,2375,650,PARROQUIA BOROJO,PARR.,PARROQUIA,3
2913,2909,651,PARROQUIA SANTA CRUZ,PARR.,PARROQUIA,3
2759,2757,652,PARROQUIA MARIA LA CONCEPCION PALACIOS B,PARR.,PARROQUIA,3
2241,2232,653,PARROQUIA ZEA,PARR.,PARROQUIA,3
2654,2653,654,PARROQUIA URACOA,PARR.,PARROQUIA,3
2813,2808,655,PARROQUIA VIRGEN DE LA COROMOTO,PARR.,PARROQUIA,3
5268,599,656,PARROQUIA BOLIVAR,PARR.,PARROQUIA,3
658,655,657,PARROQUIA TAGUAY,PARR.,PARROQUIA,3
2351,2347,658,PARROQUIA MANUEL PIAR,PARR.,PARROQUIA,3
2926,2923,659,PARROQUIA GUIRIA,PARR.,PARROQUIA,3
120,2,660,PARROQUIA SANTA ROSALIA,PARR.,PARROQUIA,3
3174,3171,661,PARROQUIA SANTA BARBARA,PARR.,PARROQUIA,3
514,394,662,PARROQUIA MACUTO,PARR.,PARROQUIA,3
2108,2105,663,PARROQUIA MONSENOR FELICIANO GONZALEZ,PARR.,PARROQUIA,3
2507,2506,664,PARROQUIA CABRUTA,PARR.,PARROQUIA,3
1009,909,665,PARROQUIA SAN PEDRO,PARR.,PARROQUIA,3
3224,3221,666,PARROQUIA CACIQUE MARA,PARR.,PARROQUIA,3
2466,2465,667,PARROQUIA BRUZUAL,PARR.,PARROQUIA,3
2259,2255,668,PARROQUIA MOITACO,PARR.,PARROQUIA,3
3241,3240,669,PARROQUIA ALTAGRACIA,PARR.,PARROQUIA,3
2372,2371,670,PARROQUIA ARACUA,PARR.,PARROQUIA,3
1991,1990,671,PARROQUIA ANACO,PARR.,PARROQUIA,3
2153,2152,672,PARROQUIA ALFREDO ARVELO LARRIVA,PARR.,PARROQUIA,3
628,627,673,PARROQUIA COLONIA TOVAR,PARR.,PARROQUIA,3
26845,2721,674,PARROQUIA PINANGO,PARR.,PARROQUIA,3
2455,2453,675,PARROQUIA TUCACAS,PARR.,PARROQUIA,3
2332,2330,676,PARROQUIA LIBERTAD DE COJEDES,PARR.,PARROQUIA,3
2522,2521,677,PARROQUIA CAZORLA,PARR.,PARROQUIA,3
2405,2403,678,PARROQUIA ADICORA,PARR.,PARROQUIA,3
6886,2229,679,PARROQUIA SECCION CAPITAL GRAN SABANA,PARR.,PARROQUIA,3
2550,2548,680,PARROQUIA CUARA,PARR.,PARROQUIA,3
395,394,681,PARROQUIA CARABALLEDA,PARR.,PARROQUIA,3
3256,3251,682,PARROQUIA LOS CORTIJOS,PARR.,PARROQUIA,3
2246,2244,683,PARROQUIA PEDRO COVA,PARR.,PARROQUIA,3
2439,2438,684,PARROQUIA BOCA DE TOCUYO,PARR.,PARROQUIA,3
2094,2089,685,PARROQUIA URDANETA,PARR.,PARROQUIA,3
1455,1421,686,PARROQUIA INDEPENDENCIA I,PARR.,PARROQUIA,3
2994,2992,687,PARROQUIA JALISCO,PARR.,PARROQUIA,3
2370,2366,688,PARROQUIA SAN JUAN DE LOS CAYOS,PARR.,PARROQUIA,3
3180,3177,689,PARROQUIA FRANCISCO JAVIER PULGAR,PARR.,PARROQUIA,3
2083,2079,690,PARROQUIA SAN VICENTE,PARR.,PARROQUIA,3
2628,2625,691,PARROQUIA EL COROZO,PARR.,PARROQUIA,3
2609,2605,692,PARROQUIA SABANA DE PIEDRA,PARR.,PARROQUIA,3
2792,2790,693,PARROQUIA SAN FRANCISCO,PARR.,PARROQUIA,3
2985,2982,694,PARROQUIA EL CENIZO,PARR.,PARROQUIA,3
2806,2805,695,PARROQUIA CAPITAL ESTELLER,PARR.,PARROQUIA,3
3116,3115,696,PARROQUIA DR. FRANCISCO ROMERO LOBO,PARR.,PARROQUIA,3
2216,2208,697,PARROQUIA UNARE,PARR.,PARROQUIA,3
2933,2929,698,PARROQUIA SANTA ISABEL,PARR.,PARROQUIA,3
2308,2304,699,PARROQUIA MIGUEL PENA,PARR.,PARROQUIA,3
3248,3247,700,PARROQUIA DONALDO GARCIA,PARR.,PARROQUIA,3
3238,3221,701,PARROQUIA SANTA LUCIA,PARR.,PARROQUIA,3
3140,1488,702,PARROQUIA SABANA DE PARRA,PARR.,PARROQUIA,3
2707,2705,703,PARROQUIA ARIAS,PARR.,PARROQUIA,3
2065,2063,704,PARROQUIA MIGUEL OTERO SILVA,PARR.,PARROQUIA,3
3212,3208,705,PARROQUIA SAN JOSE DE PERIJA,PARR.,PARROQUIA,3
13447,1997,706,PARROQUIA LECHERIAS,PARR.,PARROQUIA,3
828,827,707,PARROQUIA CHARALLAVE,PARR.,PARROQUIA,3
677,675,708,PARROQUIA SAN JOSE DE BARLOVENTO,PARR.,PARROQUIA,3
2858,2856,709,PARROQUIA ROMULO GALLEGOS,PARR.,PARROQUIA,3
2604,2603,710,PARROQUIA CAPITAL BOLIVAR,PARR.,PARROQUIA,3
3252,3251,711,PARROQUIA DOMITILA FLORES,PARR.,PARROQUIA,3
2002,2000,712,PARROQUIA SAN MIGUEL,PARR.,PARROQUIA,3
2638,2637,713,PARROQUIA APARICIO,PARR.,PARROQUIA,3
2687,2681,714,PARROQUIA MONTALBAN,PARR.,PARROQUIA,3
3150,3148,715,PARROQUIA MONAGAS,PARR.,PARROQUIA,3
3205,3201,716,PARROQUIA ELEAZAR LOPEZ CONTRERAS,PARR.,PARROQUIA,3
14574,3045,717,PARROQUIA ANTONIO ROMULO COSTA,PARR.,PARROQUIA,3
2586,2574,718,PARROQUIA MANUEL MORILLO,PARR.,PARROQUIA,3
1233,1158,719,PARROQUIA LEONCIO MARTINEZ,PARR.,PARROQUIA,3
2359,2356,720,PARROQUIA LEONARDO RUIZ PINEDA,PARR.,PARROQUIA,3
3257,3251,721,PARROQUIA MARCIAL HERNANDEZ,PARR.,PARROQUIA,3
2188,2185,722,PARROQUIA JOSE FELIX RIBAS,PARR.,PARROQUIA,3
2064,2063,723,PARROQUIA EDMUNDO BARRIOS,PARR.,PARROQUIA,3
2582,2574,724,PARROQUIA ESPINOZA DE LOS MONTEROS,PARR.,PARROQUIA,3
2319,2318,725,PARROQUIA JUAN ANGEL BRAVO,PARR.,PARROQUIA,3
2401,2397,726,PARROQUIA PIEDRA GRANDE,PARR.,PARROQUIA,3
1390,1389,727,PARROQUIA CAMPO ELIAS,PARR.,PARROQUIA,3
2807,2805,728,PARROQUIA UVERAL,PARR.,PARROQUIA,3
2059,2056,729,PARROQUIA EL CARMEN,PARR.,PARROQUIA,3
661,659,730,PARROQUIA SAN FRANCISCO DE ASIS,PARR.,PARROQUIA,3
2775,2773,731,PARROQUIA CAPITAL GARCIA,PARR.,PARROQUIA,3
3206,3201,732,PARROQUIA LIBERTAD,PARR.,PARROQUIA,3
6786,2220,733,PARROQUIA SECCION CAPITAL SUCRE,PARR.,PARROQUIA,3
3270,3268,734,PARROQUIA EL BATEY,PARR.,PARROQUIA,3
2880,2875,735,PARROQUIA SANTA TERESA,PARR.,PARROQUIA,3
2140,2139,736,PARROQUIA EL CANTON,PARR.,PARROQUIA,3
2954,2951,737,PARROQUIA CARRILLO,PARR.,PARROQUIA,3
3277,3275,738,PARROQUIA RAFAEL URDANETA,PARR.,PARROQUIA,3
3118,3115,739,PARROQUIA PEDRO MARIA MORANTES,PARR.,PARROQUIA,3
2360,2356,740,PARROQUIA MARISCAL ANTONIO JOSE DE SUCRE,PARR.,PARROQUIA,3
2811,2808,741,PARROQUIA SAN JOSE DE LA MONTANA,PARR.,PARROQUIA,3
3154,3151,742,PARROQUIA MANUEL GUANIPA MATOS,PARR.,PARROQUIA,3
2303,2302,743,PARROQUIA SAN JOAQUIN,PARR.,PARROQUIA,3
2176,2175,744,PARROQUIA JOSE IGNACIO DEL PUMAR,PARR.,PARROQUIA,3
2490,2488,745,PARROQUIA CAPITAL TUCUPIDO,PARR.,PARROQUIA,3
8269,8268,746,PARROQUIA VICTORINO,PARR.,PARROQUIA,3
2038,2036,747,PARROQUIA CLARINES,PARR.,PARROQUIA,3
9946,2475,748,PARROQUIA CAPITAL CAMAGUAN,PARR.,PARROQUIA,3
2640,2637,749,PARROQUIA EL PINTO,PARR.,PARROQUIA,3
2276,2273,750,PARROQUIA YAGUA,PARR.,PARROQUIA,3
2424,2423,751,PARROQUIA JUDIBANA,PARR.,PARROQUIA,3
2874,2868,752,PARROQUIA UNION,PARR.,PARROQUIA,3
2257,2255,753,PARROQUIA GUARATARO,PARR.,PARROQUIA,3
2595,2592,754,PARROQUIA SIQUISIQUE,PARR.,PARROQUIA,3
2393,2389,755,PARROQUIA LAS CALDERAS,PARR.,PARROQUIA,3
2392,2389,756,PARROQUIA LA VELA DE CORO,PARR.,PARROQUIA,3
2484,2483,757,PARROQUIA CAPITAL CALABOZO,PARR.,PARROQUIA,3
2113,602,758,PARROQUIA LOS TACARIGUAS,PARR.,PARROQUIA,3
2979,2977,759,PARROQUIA LA CEIBA,PARR.,PARROQUIA,3
7993,7992,760,PARROQUIA FERNANDO GIRON TOVAR,PARR.,PARROQUIA,3
3209,3208,761,PARROQUIA BARTOLOME DE LAS CASAS,PARR.,PARROQUIA,3
2198,2196,762,PARROQUIA EL REGALO,PARR.,PARROQUIA,3
2912,2909,763,PARROQUIA RENDON,PARR.,PARROQUIA,3
2563,2557,764,PARROQUIA HUMOCARO BAJO,PARR.,PARROQUIA,3
3083,3080,765,PARROQUIA RUBIO,PARR.,PARROQUIA,3
3117,3115,766,PARROQUIA LA CONCORDIA,PARR.,PARROQUIA,3
2851,2850,767,PARROQUIA CANELONES,PARR.,PARROQUIA,3
2899,2894,768,PARROQUIA SORO,PARR.,PARROQUIA,3
3190,3187,769,PARROQUIA MARIANO PARRA LEON,PARR.,PARROQUIA,3
2758,2757,770,PARROQUIA INDEPENDENCIA,PARR.,PARROQUIA,3
3175,3171,771,PARROQUIA SANTA CRUZ DEL ZULIA,PARR.,PARROQUIA,3
3143,1489,772,PARROQUIA NIRGUA,PARR.,PARROQUIA,3
2795,2793,773,PARROQUIA CAPITAL TUBORES,PARR.,PARROQUIA,3
665,664,774,PARROQUIA ARAGUITA,PARR.,PARROQUIA,3
672,664,775,PARROQUIA MARIZAPA,PARR.,PARROQUIA,3
2286,2285,776,PARROQUIA MIRANDA,PARR.,PARROQUIA,3
2930,2929,777,PARROQUIA ARAGUANEY,PARR.,PARROQUIA,3
603,602,778,PARROQUIA CHORONI,PARR.,PARROQUIA,3
2313,2304,779,PARROQUIA SANTA ROSA,PARR.,PARROQUIA,3
2904,2902,780,PARROQUIA ARICAGUA,PARR.,PARROQUIA,3
2505,2503,781,PARROQUIA SOSA,PARR.,PARROQUIA,3
2390,2389,782,PARROQUIA ACURIGUA,PARR.,PARROQUIA,3
3033,3028,783,PARROQUIA SANTIAGO,PARR.,PARROQUIA,3
1388,1387,784,PARROQUIA AROA,PARR.,PARROQUIA,3
190,2,785,PARROQUIA CARICUAO,PARR.,PARROQUIA,3
2228,2227,786,PARROQUIA EL CALLAO,PARR.,PARROQUIA,3
3016,3015,787,PARROQUIA EL PARAISO,PARR.,PARROQUIA,3
2973,2970,788,PARROQUIA LOS CAPRICHOS,PARR.,PARROQUIA,3
2623,2620,789,PARROQUIA CAPITAL LIBERTADOR,PARR.,PARROQUIA,3
3019,3015,790,PARROQUIA VALMORE RODRIGUEZ,PARR.,PARROQUIA,3
2957,2951,791,PARROQUIA MANUEL SALVADOR ULLOA,PARR.,PARROQUIA,3
2600,2598,792,PARROQUIA SAN FRANCISCO,PARR.,PARROQUIA,3
2478,2475,793,PARROQUIA UVERITO,PARR.,PARROQUIA,3
2886,2883,794,PARROQUIA YAGUARAPARO,PARR.,PARROQUIA,3
2953,2951,795,PARROQUIA BOLIVIA,PARR.,PARROQUIA,3
2122,609,796,PARROQUIA SAN MARTIN DE PORRES,PARR.,PARROQUIA,3
2952,2951,797,PARROQUIA ARNOLDO GABALDON,PARR.,PARROQUIA,3
2989,2988,798,PARROQUIA BUENA VISTA,PARR.,PARROQUIA,3
3163,3158,799,PARROQUIA JORGE HERNANDEZ,PARR.,PARROQUIA,3
3225,3221,800,PARROQUIA CARACCIOLO PARRA PEREZ,PARR.,PARROQUIA,3
2888,2887,801,PARROQUIA ARAYA,PARR.,PARROQUIA,3
2572,2570,802,PARROQUIA GUSTAVO VEGAS DE LEON,PARR.,PARROQUIA,3
666,664,803,PARROQUIA AREVALO GONZALEZ,PARR.,PARROQUIA,3
2189,2185,804,PARROQUIA PAEZ,PARR.,PARROQUIA,3
2700,2699,805,PARROQUIA ARAPUEY,PARR.,PARROQUIA,3
2697,2695,806,PARROQUIA MESA DE QUINTERO,PARR.,PARROQUIA,3
3166,3158,807,PARROQUIA ROMULO BETANCOURT,PARR.,PARROQUIA,3
3073,3072,808,PARROQUIA PALMIRA,PARR.,PARROQUIA,3
1035,1033,809,PARROQUIA SANTA TERESA DEL TUY,PARR.,PARROQUIA,3
2860,2859,810,PARROQUIA SAN JOSE DE AEROCUAR,PARR.,PARROQUIA,3
2003,2000,811,PARROQUIA SUCRE,PARR.,PARROQUIA,3
2661,2656,812,PARROQUIA PRESIDENTE PAEZ,PARR.,PARROQUIA,3
2917,2915,813,PARROQUIA AYACUCHO,PARR.,PARROQUIA,3
1038,1036,814,PARROQUIA OCUMARE DEL TUY,PARR.,PARROQUIA,3
674,664,815,PARROQUIA RIBAS,PARR.,PARROQUIA,3
2839,2836,816,PARROQUIA THERMO MORLES,PARR.,PARROQUIA,3
3050,3047,817,PARROQUIA SAN PEDRO DEL RIO,PARR.,PARROQUIA,3
2200,2196,818,PARROQUIA SANTA CATALINA,PARR.,PARROQUIA,3
3024,3020,819,PARROQUIA CRUZ CARRILLO,PARR.,PARROQUIA,3
2576,2574,820,PARROQUIA ANTONIO DIAZ,PARR.,PARROQUIA,3
2983,2982,821,PARROQUIA AGUA CALIENTE,PARR.,PARROQUIA,3
3276,3275,822,PARROQUIA LA VICTORIA,PARR.,PARROQUIA,3
2422,2419,823,PARROQUIA JACURA,PARR.,PARROQUIA,3
2728,2726,824,PARROQUIA SAN RAFAEL DE ALCAZAR,PARR.,PARROQUIA,3
2803,2802,825,PARROQUIA CAPITAL ARAURE,PARR.,PARROQUIA,3
2007,2004,826,PARROQUIA PARIAGUAN,PARR.,PARROQUIA,3
2632,2625,827,PARROQUIA LAS COCUIZAS,PARR.,PARROQUIA,3
2193,2190,828,PARROQUIA PALACIOS FAJARDO,PARR.,PARROQUIA,3
2657,2656,829,PARROQUIA GABRIEL PICON GONZALEZ,PARR.,PARROQUIA,3
667,664,830,PARROQUIA CAPAYA,PARR.,PARROQUIA,3
3011,3010,831,PARROQUIA ANTONIO NICOLAS BRICENO,PARR.,PARROQUIA,3
3001,3000,832,PARROQUIA FLOR DE PATRIA,PARR.,PARROQUIA,3
2043,2040,833,PARROQUIA SANTA ROSA,PARR.,PARROQUIA,3
2771,2770,834,PARROQUIA CAPITAL DIAZ,PARR.,PARROQUIA,3
3161,3158,835,PARROQUIA CARMEN HERRERA,PARR.,PARROQUIA,3
6298,655,836,PARROQUIA SAN FRANCISCO DE CARA,PARR.,PARROQUIA,3
2517,2513,837,PARROQUIA SAN LORENZO DE TIZNADOS,PARR.,PARROQUIA,3
2181,2180,838,PARROQUIA EL REAL,PARR.,PARROQUIA,3
2428,2426,839,PARROQUIA MENE DE MAUROA,PARR.,PARROQUIA,3
2128,612,840,PARROQUIA ALFREDO PACHECO MIRANDA,PARR.,PARROQUIA,3
3017,3015,841,PARROQUIA JUNIN,PARR.,PARROQUIA,3
2165,2152,842,PARROQUIA SANTA LUCIA,PARR.,PARROQUIA,3
2030,2029,843,PARROQUIA CAPITAL JUAN MANUEL CAJIGAL,PARR.,PARROQUIA,3
2872,2868,844,PARROQUIA GUARAUNOS,PARR.,PARROQUIA,3
2528,2526,845,PARROQUIA SANTA MARIA DE IPIRE,PARR.,PARROQUIA,3
2599,2598,846,PARROQUIA CAPITAL ACOSTA,PARR.,PARROQUIA,3
2630,2625,847,PARROQUIA JUSEPIN,PARR.,PARROQUIA,3
853,852,848,PARROQUIA EL HATILLO,PARR.,PARROQUIA,3
2109,602,849,PARROQUIA ANDRES ELOY BLANCO,PARR.,PARROQUIA,3
2334,2333,850,PARROQUIA ROMULO GALLEGOS,PARR.,PARROQUIA,3
3021,3020,851,PARROQUIA ANDRES LINARES,PARR.,PARROQUIA,3
2288,2287,852,PARROQUIA MONTALBAN,PARR.,PARROQUIA,3
2298,2291,853,PARROQUIA PATANEMO,PARR.,PARROQUIA,3
2918,2915,854,PARROQUIA GRAN MARISCAL,PARR.,PARROQUIA,3
2816,2814,855,PARROQUIA CAPITAL GUANARITO,PARR.,PARROQUIA,3
2411,2403,856,PARROQUIA MORUY,PARR.,PARROQUIA,3
2663,2656,857,PARROQUIA PULIDO MENDEZ,PARR.,PARROQUIA,3
621,620,858,PARROQUIA GUIRIPA,PARR.,PARROQUIA,3
2668,2666,859,PARROQUIA MESA DE LAS PALMAS,PARR.,PARROQUIA,3
2893,2891,860,PARROQUIA TUNAPUY,PARR.,PARROQUIA,3
2100,2098,861,PARROQUIA PENALVER,PARR.,PARROQUIA,3
2324,2322,862,PARROQUIA SUCRE,PARR.,PARROQUIA,3
779,778,863,PARROQUIA CARRIZAL,PARR.,PARROQUIA,3
1075,1074,864,PARROQUIA EL GUAPO,PARR.,PARROQUIA,3
2961,2959,865,PARROQUIA CUICAS,PARR.,PARROQUIA,3
2991,2988,866,PARROQUIA SANTA MARIA DEL HORCON,PARR.,PARROQUIA,3
2931,2929,867,PARROQUIA EL JAGUITO,PARR.,PARROQUIA,3
2602,2601,868,PARROQUIA AGUASAY,PARR.,PARROQUIA,3
3203,3201,869,PARROQUIA CAMPO LARA,PARR.,PARROQUIA,3
2980,2977,870,PARROQUIA SANTA APOLONIA,PARR.,PARROQUIA,3
33,2,871,PARROQUIA EL RECREO,PARR.,PARROQUIA,3
13639,2016,872,PARROQUIA SOLEDAD,PARR.,PARROQUIA,3
2116,605,873,PARROQUIA CASTOR NIEVES RIOS,PARR.,PARROQUIA,3
2086,2085,874,PARROQUIA CODAZZI,PARR.,PARROQUIA,3
3266,3264,875,PARROQUIA RAFAEL MARIA BARALT,PARR.,PARROQUIA,3
3145,1633,876,PARROQUIA URACHICHE,PARR.,PARROQUIA,3
2410,2403,877,PARROQUIA JADACAQUIVA,PARR.,PARROQUIA,3
2910,2909,878,PARROQUIA CARIACO,PARR.,PARROQUIA,3
2966,2965,879,PARROQUIA ESCUQUE,PARR.,PARROQUIA,3
2911,2909,880,PARROQUIA CATUARO,PARR.,PARROQUIA,3
2967,2965,881,PARROQUIA LA UNION,PARR.,PARROQUIA,3
2553,2548,882,PARROQUIA JUAN BAUTISTA RODRIGUEZ,PARR.,PARROQUIA,3
2535,2534,883,PARROQUIA FREITEZ,PARR.,PARROQUIA,3
3064,3062,884,PARROQUIA SAN RAFAEL DEL PINAL,PARR.,PARROQUIA,3
1156,1155,885,PARROQUIA SAN ANTONIO DE YARE,PARR.,PARROQUIA,3
3230,3221,886,PARROQUIA FRANCISCO EUGENIO BUSTAMANTE,PARR.,PARROQUIA,3
2099,2098,887,PARROQUIA EL RECREO,PARR.,PARROQUIA,3
2449,2448,888,PARROQUIA PIRITU,PARR.,PARROQUIA,3
2482,2481,889,PARROQUIA EL SOCORRO,PARR.,PARROQUIA,3
2087,2085,890,PARROQUIA CUNAVICHE,PARR.,PARROQUIA,3
170,2,891,PARROQUIA ANTIMANO,PARR.,PARROQUIA,3
2158,2152,892,PARROQUIA DON ROMULO BETANCOURT,PARR.,PARROQUIA,3
1159,1158,893,PARROQUIA CAUCAGUITA,PARR.,PARROQUIA,3
2578,2574,894,PARROQUIA CASTANEDA,PARR.,PARROQUIA,3
2112,602,895,PARROQUIA LAS DELICIAS,PARR.,PARROQUIA,3
2587,2574,896,PARROQUIA MONTANA VERDE,PARR.,PARROQUIA,3
7221,2244,897,PARROQUIA YOCOIMA,PARR.,PARROQUIA,3
2211,2208,898,PARROQUIA CINCO DE JULIO,PARR.,PARROQUIA,3
2494,2491,899,PARROQUIA LIBERTAD DE ORITUCO,PARR.,PARROQUIA,3
3222,3221,900,PARROQUIA ANTONIO BORJAS ROMERO,PARR.,PARROQUIA,3
2492,2491,901,PARROQUIA ALTAGRACIA DE ORITUCO,PARR.,PARROQUIA,3
2212,2208,902,PARROQUIA DALLA COSTA,PARR.,PARROQUIA,3
3235,3221,903,PARROQUIA OLEGARIO VILLALOBOS,PARR.,PARROQUIA,3
3227,3221,904,PARROQUIA CHIQUINQUIRA,PARR.,PARROQUIA,3
2718,2705,905,PARROQUIA OSUNA RODRIGUEZ,PARR.,PARROQUIA,3
2750,2745,906,PARROQUIA PUEBLO NUEVO DEL SUR,PARR.,PARROQUIA,3
8293,8284,907,PARROQUIA SAN CARLOS,PARR.,PARROQUIA,3
4765,1074,908,PARROQUIA SAN FERNANDO,PARR.,PARROQUIA,3
2682,2681,909,PARROQUIA ACEQUIAS,PARR.,PARROQUIA,3
2916,2915,910,PARROQUIA ALTAGRACIA,PARR.,PARROQUIA,3
2569,2566,911,PARROQUIA JOSE GREGORIO BASTIDAS,PARR.,PARROQUIA,3
2753,2752,912,PARROQUIA EL AMPARO,PARR.,PARROQUIA,3
2834,2833,913,PARROQUIA ANTOLIN TOVAR,PARR.,PARROQUIA,3
2927,2923,914,PARROQUIA PUNTA DE PIEDRAS,PARR.,PARROQUIA,3
3267,3264,915,PARROQUIA RAFAEL URDANETA,PARR.,PARROQUIA,3
2936,2934,916,PARROQUIA BOCONO,PARR.,PARROQUIA,3
2067,2066,917,PARROQUIA EL CHAPARRO,PARR.,PARROQUIA,3
2294,2291,918,PARROQUIA DEMOCRACIA,PARR.,PARROQUIA,3
1996,1994,919,PARROQUIA CACHIPO,PARR.,PARROQUIA,3
215,2,920,PARROQUIA EL JUNQUITO,PARR.,PARROQUIA,3
245,2,921,PARROQUIA LA VEGA,PARR.,PARROQUIA,3
2606,2605,922,PARROQUIA CAPITAL CARIPE,PARR.,PARROQUIA,3
3112,3111,923,PARROQUIA BOCONO,PARR.,PARROQUIA,3
2704,2702,924,PARROQUIA SAN CRISTOBAL DE TORONDOY,PARR.,PARROQUIA,3
31884,3171,925,PARROQUIA URRIBARI,PARR.,PARROQUIA,3
617,616,926,PARROQUIA TIARA,PARR.,PARROQUIA,3
2091,2089,927,PARROQUIA EL AMPARO,PARR.,PARROQUIA,3
2493,2491,928,PARROQUIA LEZAMA,PARR.,PARROQUIA,3
3104,3103,929,PARROQUIA COLONCITO,PARR.,PARROQUIA,3
2662,2656,930,PARROQUIA PRESIDENTE ROMULO GALLEGOS,PARR.,PARROQUIA,3
2441,2438,931,PARROQUIA TOCUYO DE LA COSTA,PARR.,PARROQUIA,3
3086,3085,932,PARROQUIA EMILIO CONSTANTINO GUERRERO,PARR.,PARROQUIA,3
2644,2637,933,PARROQUIA TAGUAYA,PARR.,PARROQUIA,3
3096,3093,934,PARROQUIA DORADAS,PARR.,PARROQUIA,3
3036,3035,935,PARROQUIA JUAN IGNACIO MONTILLA,PARR.,PARROQUIA,3
2709,2705,936,PARROQUIA DOMINGO PENA,PARR.,PARROQUIA,3
2621,2620,937,PARROQUIA CHAGUARAMAS,PARR.,PARROQUIA,3
2409,2403,938,PARROQUIA EL VINCULO,PARR.,PARROQUIA,3
2427,2426,939,PARROQUIA CASIGUA,PARR.,PARROQUIA,3
1392,1391,940,PARROQUIA COCOROTE,PARR.,PARROQUIA,3
2163,2152,941,PARROQUIA SAN SILVESTRE,PARR.,PARROQUIA,3
2471,2468,942,PARROQUIA PUEBLO CUMAREBO,PARR.,PARROQUIA,3
3217,3213,943,PARROQUIA MONSENOR MARCOS SERGIO GODOY,PARR.,PARROQUIA,3
2716,2705,944,PARROQUIA MARIANO PICON SALAS,PARR.,PARROQUIA,3
2727,2726,945,PARROQUIA ELOY PAREDES,PARR.,PARROQUIA,3
2864,2862,946,PARROQUIA EL MORRO DE PUERTO SANTO,PARR.,PARROQUIA,3
774,768,947,PARROQUIA CURIEPE,PARR.,PARROQUIA,3
16560,2637,948,PARROQUIA ARAGUA,PARR.,PARROQUIA,3
2123,610,949,PARROQUIA MARIO BRICENO IRAGORRY,PARR.,PARROQUIA,3
1512,1492,950,PARROQUIA SAN FELIPE,PARR.,PARROQUIA,3
2222,2220,951,PARROQUIA ASCENSION FARRERAS,PARR.,PARROQUIA,3
2028,2026,952,PARROQUIA PUERTO LA CRUZ,PARR.,PARROQUIA,3
2268,2266,953,PARROQUIA GUIGUE,PARR.,PARROQUIA,3
2033,2032,954,PARROQUIA EL CARITO,PARR.,PARROQUIA,3
7342,2255,955,PARROQUIA SECCION CAPITAL SUCRE,PARR.,PARROQUIA,3
2127,624,956,PARROQUIA SAN SEBASTIAN DE LOS REYES,PARR.,PARROQUIA,3
2210,2208,957,PARROQUIA CHIRICA,PARR.,PARROQUIA,3
3134,3133,958,PARROQUIA CARDENAS,PARR.,PARROQUIA,3
2473,2468,959,PARROQUIA ZAZARIDA,PARR.,PARROQUIA,3
3142,3141,960,PARROQUIA YUMARE,PARR.,PARROQUIA,3
2935,2934,961,PARROQUIA AYACUCHO,PARR.,PARROQUIA,3
1635,1634,962,PARROQUIA EL GUAYABO,PARR.,PARROQUIA,3
2209,2208,963,PARROQUIA CACHAMAY,PARR.,PARROQUIA,3
2854,2850,964,PARROQUIA CAPITAL TUREN,PARR.,PARROQUIA,3
2924,2923,965,PARROQUIA BIDEAU,PARR.,PARROQUIA,3
2676,2673,966,PARROQUIA CHACANTA,PARR.,PARROQUIA,3
3165,3158,967,PARROQUIA PUNTA GORDA,PARR.,PARROQUIA,3
2485,2483,968,PARROQUIA EL CALVARIO,PARR.,PARROQUIA,3
2462,2461,969,PARROQUIA EL CHARAL,PARR.,PARROQUIA,3
2498,2491,970,PARROQUIA SOUBLETTE,PARR.,PARROQUIA,3
2558,2557,971,PARROQUIA ANZOATEGUI,PARR.,PARROQUIA,3
3245,3240,972,PARROQUIA SAN ANTONIO,PARR.,PARROQUIA,3
2897,2894,973,PARROQUIA MARABAL,PARR.,PARROQUIA,3
2533,2530,974,PARROQUIA YACAMBU,PARR.,PARROQUIA,3
2073,2070,975,PARROQUIA GUACHARA,PARR.,PARROQUIA,3
3197,3195,976,PARROQUIA CHIQUINQUIRA,PARR.,PARROQUIA,3
5232,1074,977,PARROQUIA EL CARTANAL,PARR.,PARROQUIA,3
2164,2152,978,PARROQUIA SANTA INES,PARR.,PARROQUIA,3
1040,1036,979,PARROQUIA SANTA BARBARA,PARR.,PARROQUIA,3
2159,2152,980,PARROQUIA EL CARMEN,PARR.,PARROQUIA,3
1491,1489,981,PARROQUIA TEMERLA,PARR.,PARROQUIA,3
910,909,982,PARROQUIA ALTAGRACIA MONTANA,PARR.,PARROQUIA,3
2327,2325,983,PARROQUIA MACAPO,PARR.,PARROQUIA,3
2652,2650,984,PARROQUIA CAPITAL SOTILLO,PARR.,PARROQUIA,3
2101,2098,985,PARROQUIA SAN RAFAEL DE ATAMAICA,PARR.,PARROQUIA,3
2414,2413,986,PARROQUIA AGUA LARGA,PARR.,PARROQUIA,3
2501,2499,987,PARROQUIA PARAPARA,PARR.,PARROQUIA,3
2310,2304,988,PARROQUIA RAFAEL URDANETA,PARR.,PARROQUIA,3
2512,2510,989,PARROQUIA CAPITAL VALLE DE LA PASCUA,PARR.,PARROQUIA,3
2148,2147,990,PARROQUIA ARISMENDI,PARR.,PARROQUIA,3
3079,3078,991,PARROQUIA EL COBRE,PARR.,PARROQUIA,3
2008,2004,992,PARROQUIA EL PAO,PARR.,PARROQUIA,3
2467,2465,993,PARROQUIA URUMACO,PARR.,PARROQUIA,3
2754,2752,994,PARROQUIA EL LLANO,PARR.,PARROQUIA,3
2694,2692,995,PARROQUIA SANTO DOMINGO,PARR.,PARROQUIA,3
2540,2537,996,PARROQUIA CATEDRAL,PARR.,PARROQUIA,3
2589,2574,997,PARROQUIA REYES VARGAS,PARR.,PARROQUIA,3
2378,2375,998,PARROQUIA CAPATARIDA,PARR.,PARROQUIA,3
2649,2648,999,PARROQUIA SANTA BARBARA,PARR.,PARROQUIA,3
2496,2491,1000,PARROQUIA SAN FRANCISCO DE MACAIRA,PARR.,PARROQUIA,3
2217,2208,1001,PARROQUIA UNIVERSIDAD,PARR.,PARROQUIA,3
3120,3115,1002,PARROQUIA SAN SEBASTIAN,PARR.,PARROQUIA,3
267,2,1003,PARROQUIA MACARAO,PARR.,PARROQUIA,3
2861,2859,1004,PARROQUIA TAVERA ACOSTA,PARR.,PARROQUIA,3
1037,1036,1005,PARROQUIA LA DEMOCRACIA,PARR.,PARROQUIA,3
2643,2637,1006,PARROQUIA CAPITAL PIAR,PARR.,PARROQUIA,3
2464,2461,1007,PARROQUIA SANTA CRUZ DE BUCARAL,PARR.,PARROQUIA,3
912,909,1008,PARROQUIA CECILIO ACOSTA,PARR.,PARROQUIA,3
2117,605,1009,PARROQUIA JUAN VICENTE BOLIVAR Y PONTE,PARR.,PARROQUIA,3
2146,2143,1010,PARROQUIA TICOPORO,PARR.,PARROQUIA,3
2316,2315,1011,PARROQUIA COJEDES,PARR.,PARROQUIA,3
3184,3182,1012,PARROQUIA ELIAS SANCHEZ RUBIO,PARR.,PARROQUIA,3
2301,2300,1013,PARROQUIA SAN DIEGO,PARR.,PARROQUIA,3
2870,2868,1014,PARROQUIA EL RINCON,PARR.,PARROQUIA,3
3130,3127,1015,PARROQUIA SAN PABLO,PARR.,PARROQUIA,3
2267,2266,1016,PARROQUIA BELEN,PARR.,PARROQUIA,3
2706,2705,1017,PARROQUIA ANTONIO SPINETTI DINI,PARR.,PARROQUIA,3
2698,2695,1018,PARROQUIA RIO NEGRO,PARR.,PARROQUIA,3
3088,3085,1019,PARROQUIA MONSENOR MIGUEL ANTONIO SALAS,PARR.,PARROQUIA,3
2693,2692,1020,PARROQUIA LAS PIEDRAS,PARR.,PARROQUIA,3
2487,2483,1021,PARROQUIA GUARDATINAJAS,PARR.,PARROQUIA,3
2274,2273,1022,PARROQUIA CIUDAD ALIANZA,PARR.,PARROQUIA,3
3124,3123,1023,PARROQUIA SEBORUCO,PARR.,PARROQUIA,3
2245,2244,1024,PARROQUIA ANDRES ELOY BLANCO,PARR.,PARROQUIA,3
3254,3251,1025,PARROQUIA FRANCISCO OCHOA,PARR.,PARROQUIA,3
2624,2620,1026,PARROQUIA TABASCA,PARR.,PARROQUIA,3
3246,3240,1027,PARROQUIA SAN JOSE,PARR.,PARROQUIA,3
668,664,1028,PARROQUIA CAUCAGUA,PARR.,PARROQUIA,3
2857,2856,1029,PARROQUIA MARINO,PARR.,PARROQUIA,3
2751,2745,1030,PARROQUIA SAN JUAN,PARR.,PARROQUIA,3
2591,2574,1031,PARROQUIA TRINIDAD SAMUEL,PARR.,PARROQUIA,3
3200,3195,1032,PARROQUIA POTRERITOS,PARR.,PARROQUIA,3
3004,3000,1033,PARROQUIA SANTA ANA,PARR.,PARROQUIA,3
656,655,1034,PARROQUIA LAS PENITAS,PARR.,PARROQUIA,3
2432,2430,1035,PARROQUIA MITARE,PARR.,PARROQUIA,3
2361,2356,1036,PARROQUIA MONSENOR ARGIMIRO GARCIA,PARR.,PARROQUIA,3
2608,2605,1037,PARROQUIA LA GUANOTA,PARR.,PARROQUIA,3
2454,2453,1038,PARROQUIA BOCA DE AROA,PARR.,PARROQUIA,3
3274,3268,1039,PARROQUIA ROMULO GALLEGOS,PARR.,PARROQUIA,3
3006,3005,1040,PARROQUIA BETIJOQUE,PARR.,PARROQUIA,3
2014,2013,1041,PARROQUIA CHORRERON,PARR.,PARROQUIA,3
2072,2070,1042,PARROQUIA EL YAGUAL,PARR.,PARROQUIA,3
346,2,1043,PARROQUIA SUCRE,PARR.,PARROQUIA,3
2400,2397,1044,PARROQUIA PEDREGAL,PARR.,PARROQUIA,3
2436,2430,1045,PARROQUIA SAN GABRIEL,PARR.,PARROQUIA,3
2309,2304,1046,PARROQUIA NEGRO PRIMERO,PARR.,PARROQUIA,3
2581,2574,1047,PARROQUIA EL BLANCO,PARR.,PARROQUIA,3
2964,2959,1048,PARROQUIA SANTA CRUZ,PARR.,PARROQUIA,3
2878,2875,1049,PARROQUIA SANTA CATALINA,PARR.,PARROQUIA,3
8119,7992,1050,PARROQUIA PARHUENA,PARR.,PARROQUIA,3
2749,2745,1051,PARROQUIA LAGUNILLAS,PARR.,PARROQUIA,3
2297,2291,1052,PARROQUIA JUAN JOSE FLORES,PARR.,PARROQUIA,3
3226,3221,1053,PARROQUIA CECILIO ACOSTA,PARR.,PARROQUIA,3
3179,3177,1054,PARROQUIA CARLOS QUEVEDO,PARR.,PARROQUIA,3
769,768,1055,PARROQUIA HIGUEROTE,PARR.,PARROQUIA,3
2710,2705,1056,PARROQUIA EL LLANO,PARR.,PARROQUIA,3
2396,2395,1057,PARROQUIA DABAJURO,PARR.,PARROQUIA,3
2998,2996,1058,PARROQUIA PAMPANITO,PARR.,PARROQUIA,3
1579,1578,1059,PARROQUIA SAN ANDRES,PARR.,PARROQUIA,3
2761,2757,1060,PARROQUIA SANTA APOLONIA,PARR.,PARROQUIA,3
3258,3251,1061,PARROQUIA SAN FRANCISCO,PARR.,PARROQUIA,3
2820,2818,1062,PARROQUIA PENA BLANCA,PARR.,PARROQUIA,3
2560,2557,1063,PARROQUIA GUARICO,PARR.,PARROQUIA,3
934,909,1064,PARROQUIA EL JARILLO,PARR.,PARROQUIA,3
2914,2909,1065,PARROQUIA SANTA MARIA,PARR.,PARROQUIA,3
2317,2315,1066,PARROQUIA JUAN DE MATA SUAREZ,PARR.,PARROQUIA,3
2846,2843,1067,PARROQUIA SAN RAFAEL DE PALO ALZADO,PARR.,PARROQUIA,3
2358,2356,1068,PARROQUIA JUAN MILLAN,PARR.,PARROQUIA,3
2945,2934,1069,PARROQUIA SAN MIGUEL,PARR.,PARROQUIA,3
2824,2821,1070,PARROQUIA CAPITAL OSPINO,PARR.,PARROQUIA,3
2434,2430,1071,PARROQUIA SABANETA,PARR.,PARROQUIA,3
3009,3005,1072,PARROQUIA LOS CEDROS,PARR.,PARROQUIA,3
3039,3035,1073,PARROQUIA MENDOZA,PARR.,PARROQUIA,3
626,625,1074,PARROQUIA BELLA VISTA,PARR.,PARROQUIA,3
2060,2056,1075,PARROQUIA EL PILAR,PARR.,PARROQUIA,3
2963,2959,1076,PARROQUIA PANAMERICANA,PARR.,PARROQUIA,3
2538,2537,1077,PARROQUIA AGUEDO FELIPE ALVARADO,PARR.,PARROQUIA,3
2684,2681,1078,PARROQUIA JAJI,PARR.,PARROQUIA,3
2905,2902,1079,PARROQUIA COCOLLAR,PARR.,PARROQUIA,3
2440,2438,1080,PARROQUIA CHICHIRIVICHE,PARR.,PARROQUIA,3
2183,2180,1081,PARROQUIA LOS GUASIMITOS,PARR.,PARROQUIA,3
2145,2143,1082,PARROQUIA NICOLAS PULIDO,PARR.,PARROQUIA,3
3012,3010,1083,PARROQUIA CAMPO ALEGRE,PARR.,PARROQUIA,3
2544,2537,1084,PARROQUIA JUAREZ,PARR.,PARROQUIA,3
2149,2147,1085,PARROQUIA GUADARRAMA,PARR.,PARROQUIA,3
2865,2862,1086,PARROQUIA PUERTO SANTO,PARR.,PARROQUIA,3
2747,2745,1087,PARROQUIA ESTANQUEZ,PARR.,PARROQUIA,3
2495,2491,1088,PARROQUIA PASO REAL DE MACAIRA,PARR.,PARROQUIA,3
3242,3240,1089,PARROQUIA ANA MARIA CAMPOS,PARR.,PARROQUIA,3
3095,3093,1090,PARROQUIA DON EMETERIO OCHOA,PARR.,PARROQUIA,3
2457,2456,1091,PARROQUIA PECAYA,PARR.,PARROQUIA,3
2264,2262,1092,PARROQUIA CANOABO,PARR.,PARROQUIA,3
2939,2934,1093,PARROQUIA GENERAL RIVAS,PARR.,PARROQUIA,3
2774,2773,1094,PARROQUIA FRANCISCO FAJARDO,PARR.,PARROQUIA,3
2701,2699,1095,PARROQUIA PALMIRA,PARR.,PARROQUIA,3
2046,2045,1096,PARROQUIA CAPITAL PIRITU,PARR.,PARROQUIA,3
3053,3051,1097,PARROQUIA ISAIAS MEDINA ANGARITA,PARR.,PARROQUIA,3
13777,2029,1098,PARROQUIA ONOTO,PARR.,PARROQUIA,3
2956,2951,1099,PARROQUIA CHEJENDE,PARR.,PARROQUIA,3
2173,2171,1100,PARROQUIA EL SOCORRO,PARR.,PARROQUIA,3
9501,2089,1101,PARROQUIA GUASDUALITO,PARR.,PARROQUIA,3